"last_name, first_name","player_id","year","ab","pa","hit","home_run","strikeout","walk","k_percent","bb_percent","batting_avg","slg_percent","on_base_percent","on_base_plus_slg","xba","xslg","woba","xwoba","xobp","exit_velocity_avg","launch_angle_avg","sweet_spot_percent","barrel","barrel_batted_rate","solidcontact_percent","hard_hit_percent","avg_best_speed","avg_hyper_speed","whiff_percent","swing_percent","n_outs_above_average","rel_league_reaction_distance","rel_league_burst_distance","sprint_speed"
"Happ, Ian",664023,2024,569,657,138,25,168,80,25.6,12.2,".243",".441",".341","0.782",".243",".446",".341",".345",".342","90.8","15.1",37,47,11.7,7.7,45.2,"101.590666318","95.287992294",27.9,45.9,"-2","0.6","-0.5","27.9"
"Hoerner, Nico",663538,2024,582,641,159,7,66,44,10.3,6.9,".273",".373",".335","0.708",".280",".353",".313",".313",".344","85.7","10.4",36,6,1.2,2.1,27.6,"95.980926525","91.993965849",11.9,48.4,,,,"28.4"
"Candelario, Jeimer",600869,2024,427,463,96,20,114,27,24.6,5.8,".225",".429",".279","0.708",".221",".364",".304",".280",".276","86.9","12.4",33.9,26,8.2,5.7,34.5,"97.855535823","92.968221397",29.1,51.7,,,,"27.4"
"Bogaerts, Xander",593428,2024,428,463,113,11,79,28,17.1,6,".264",".381",".307","0.688",".262",".382",".300",".305",".308","88.1","10.9",32.1,18,5.1,3.4,33.2,"98.125304802","93.133969802",18.3,44.2,,,,"27.4"
"Alonso, Pete",624413,2024,608,695,146,34,172,70,24.7,10.1,".240",".459",".329","0.788",".242",".461",".340",".343",".332","89.8","14.4",30.5,58,13.2,6.6,46.4,"102.785114727","95.699086105",24.7,42.9,,,,"26.1"
"Suwinski, Jack",669261,2024,247,277,45,9,79,27,28.5,9.7,".182",".324",".264","0.588",".220",".361",".260",".292",".299","88.9","12.9",28.8,15,8.8,4.7,38.2,"100.854161429","94.49330497",27.4,46.5,"-7","-0.8","-0.5","28.3"
"Polanco, Jorge",593871,2024,416,468,89,16,137,46,29.3,9.8,".214",".356",".297","0.653",".226",".399",".288",".309",".308","88.3","17.8",35.9,25,8.9,5.3,37.4,"99.204331655","93.755834657",28.1,44.8,,,,"27.5"
"Loperfido, Joey",694388,2024,243,262,52,4,95,13,36.3,5,".214",".350",".264","0.614",".204",".311",".268",".254",".257","88.3","12.9",40.7,6,4,5.3,34.7,"97.968544189","93.030415608",35.4,52.4,"0","-0.9","-1.7","28.8"
"Yelich, Christian",592885,2024,270,315,85,11,58,40,18.4,12.7,".315",".504",".406","0.910",".294",".471",".391",".373",".388","91.1","5.2",32.2,17,7.9,8.9,46.7,"103.017733429","96.008981238",23.1,45.7,"-2","-0.4","-2.2","28.5"
"Haniger, Mitch",571745,2024,380,423,79,12,126,40,29.8,9.5,".208",".334",".286","0.620",".216",".364",".277",".292",".294","90.6","13.7",31,23,9,8.2,45.9,"101.021551732","95.105264331",32.3,44,"-5","0.1","-0.6","26.2"
"Taylor, Michael A.",572191,2024,269,300,52,5,105,23,35,7.7,".193",".290",".253","0.543",".204",".333",".242",".270",".267","89.3","13.7",31.4,20,11.6,1.7,40.1,"100.583164074","94.548357778",39.2,49.3,"11","0.1","1.9","28.5"
"Rodgers, Brendan",663898,2024,501,539,134,13,132,31,24.5,5.8,".267",".407",".314","0.721",".248",".377",".314",".295",".297","89.3","4.9",33.1,21,5.6,7,44.1,"101.153269243","94.773964417",25.9,49.3,,,,"26.0"
"Crawford, J.P.",641487,2024,392,451,79,9,102,52,22.6,11.5,".202",".321",".304","0.625",".227",".363",".283",".309",".326","87.5","13.2",30.2,19,6.5,6.5,37.8,"98.950282708","93.58355108",20.2,41.1,,,,"26.8"
"Canha, Mark",592192,2024,393,462,95,7,96,51,20.8,11,".242",".346",".344","0.690",".212",".306",".310",".288",".322","88.4","9.6",31.5,10,3.3,5,37.4,"98.159166424","93.219326921",21.8,41.6,"0","0.1","-0.3","27.8"
"Alvarez, Francisco",682626,2024,308,342,73,11,86,30,25.1,8.8,".237",".403",".307","0.710",".220",".358",".310",".289",".292","88.8","6.9",27.2,15,6.7,6.7,42,"101.298215536","94.784205516",29.6,46.1,,,,"25.8"
"Farmer, Kyle",571657,2024,215,242,46,5,49,19,20.2,7.9,".214",".353",".293","0.646",".225",".361",".285",".294",".304","87.7","17.9",36.3,9,5.4,6,29.8,"97.025598571","92.547452202",22,48.5,,,,"25.9"
"Soderstrom, Tyler",691016,2024,189,213,44,9,53,20,24.9,9.4,".233",".429",".315","0.744",".240",".480",".322",".348",".323","91.9","9.6",31.4,20,14.6,9.5,49.6,"102.485036087","95.728140219",30.1,48.7,,,,"27.0"
"Naylor, Josh",647304,2024,563,633,137,31,105,58,16.6,9.2,".243",".456",".320","0.776",".257",".443",".332",".335",".333","89.9","11.1",30.1,39,8.4,6.1,40.9,"100.815360087","94.680816725",22.4,50.3,,,,"25.2"
"Vázquez, Christian",543877,2024,294,315,65,7,65,11,20.6,3.5,".221",".327",".248","0.575",".232",".348",".250",".265",".260","88.5","16.1",36.1,9,3.8,6.3,36.6,"98.036944138","93.213200991",20.8,51.7,,,,"24.8"
"Rizzo, Anthony",519203,2024,337,375,77,8,65,27,17.3,7.2,".228",".335",".301","0.636",".240",".340",".285",".297",".314","86.7","14.3",31,11,4,4.7,33.2,"97.798203577","92.909990255",19.3,49.1,,,,"24.5"
"Fortes, Nick",663743,2024,308,335,70,4,41,11,12.2,3.3,".227",".318",".259","0.577",".225",".290",".252",".245",".259","84.3","15.4",29,4,1.4,2.9,22.6,"95.578582782","91.819744812",13.2,49.3,,,,"26.7"
"Martin, Austin",668885,2024,233,257,59,1,47,20,18.3,7.8,".253",".352",".318","0.670",".259",".341",".297",".297",".323","87.2","12.7",39.4,2,1.1,5.3,33.5,"96.642936413","92.431606902",21.4,45.5,"-7","-1.4","-0.8","28.3"
"Wood, James",695578,2024,295,336,78,9,97,39,28.9,11.6,".264",".427",".354","0.781",".269",".439",".342",".351",".359","92.8","2.4",31.3,21,10.6,6.1,52,"104.677013333","97.028448782",29.6,38.2,"-6","0.6","-2.7","28.7"
"Burleson, Alec",676475,2024,547,595,147,21,76,35,12.8,5.9,".269",".420",".314","0.734",".273",".435",".319",".329",".320","89.7","13.6",34.3,31,6.5,7.1,41.7,"99.381927173","94.012155751",19.2,55.7,"-9","-1.1","-2.8","25.5"
"Siani, Michael",672279,2024,298,334,68,2,92,21,27.5,6.3,".228",".285",".285","0.570",".205",".265",".257",".243",".265","84.4","5.1",32.6,5,2.3,2.3,22.6,"95.786961649","91.898789433",29.5,48.9,"16","1.8","1.9","28.3"
"Winker, Jesse",608385,2024,430,508,109,14,106,63,20.9,12.4,".253",".405",".360","0.765",".245",".384",".338",".329",".353","88.6","14",30.1,25,7.6,3.3,37.4,"98.91091179","93.570274815",19.6,43.2,"-11","-1.3","-2.3","26.1"
"Pederson, Joc",592626,2024,367,449,101,23,105,55,23.4,12.2,".275",".515",".393","0.908",".264",".480",".391",".378",".386","92.3","16.9",34.2,34,12.8,5.6,46.2,"102.648599462","95.864061892",25,44,,,,"25.5"
"Martinez, J.D.",502110,2024,434,495,102,16,141,49,28.5,9.9,".235",".406",".320","0.726",".256",".472",".318",".351",".339","91","14.4",39.3,44,14.9,4.4,46.1,"101.443240544","95.173257041",31.5,48.5,,,,"25.8"
"Bregman, Alex",608324,2024,581,634,151,26,86,44,13.6,6.9,".260",".453",".315","0.768",".257",".417",".331",".319",".314","89.1","18.2",34.9,32,6.4,7.4,40.5,"98.986527952","93.684160984",12.8,44.9,,,,"26.7"
"Pages, Andy",681624,2024,403,443,100,13,108,29,24.4,6.5,".248",".407",".305","0.712",".251",".422",".310",".321",".311","88.6","20.8",40.8,32,10.7,6.4,40.1,"100.310081745","94.262423423",26.1,51,"1","0.6","0.8","28.3"
"Steer, Spencer",668715,2024,574,656,129,20,137,72,20.9,11,".225",".402",".319","0.721",".235",".379",".316",".315",".328","88","17.4",34.2,28,6.4,7.7,39.9,"99.163434247","93.708755492",23.1,44.5,"-3","-0.1","-0.9","28.2"
"Adell, Jo",666176,2024,405,451,84,20,126,35,27.9,7.8,".207",".402",".280","0.682",".224",".418",".296",".312",".297","89.8","15.9",30.5,33,11.7,7.4,44.7,"102.6788005","95.748719749",29.8,49.7,"1","-1.1","-0.3","28.8"
"Olson, Matt",621566,2024,600,685,148,29,170,71,24.8,10.4,".247",".457",".333","0.790",".247",".448",".339",".341",".336","91.5","16.1",35.4,54,12.4,7.4,47.4,"102.726279537","95.899543218",26.3,49.7,,,,"25.5"
"Seager, Corey",608369,2024,475,533,132,30,96,53,18,9.9,".278",".512",".353","0.865",".289",".561",".365",".390",".364","92.1","13.5",38.6,58,15.2,9.7,50.7,"103.274395474","96.157523456",23.4,53,,,,"25.3"
"Drury, Brandon",592273,2024,325,360,55,4,81,27,22.5,7.5,".169",".228",".242","0.470",".202",".287",".217",".259",".276","87.6","6",25.9,9,3.6,6.1,35.6,"99.062132195","93.550623821",24.4,46.7,,,,"26.0"
"Solano, Donovan",456781,2024,283,309,81,8,65,22,21,7.1,".286",".417",".343","0.760",".257",".378",".333",".307",".317","87.3","13.7",37,8,3.7,7.3,37.4,"98.057695046","93.167454908",23.5,47.2,,,,"25.5"
"Tucker, Kyle",663656,2024,277,339,80,23,54,56,15.9,16.5,".289",".585",".408","0.993",".279",".536",".419",".400",".400","91.1","21.2",40,29,12.9,7.6,44.9,"100.157901947","94.740150044",19,41.8,"1","0","-2","26.0"
"Benintendi, Andrew",643217,2024,477,522,109,20,96,41,18.4,7.9,".229",".396",".289","0.685",".243",".389",".298",".303",".303","88","16.1",36.5,24,6.3,8.3,34.4,"97.17823","92.764984068",21.1,48,"-7","0.2","-1.2","26.7"
"Torres, Gleyber",650402,2024,587,665,151,15,136,65,20.5,9.8,".257",".378",".330","0.708",".240",".368",".313",".307",".317","88.6","15",38.2,29,6.3,6.1,35.4,"98.295655921","93.36890443",22.9,45.7,,,,"26.6"
"De La Cruz, Bryan",650559,2024,584,622,136,21,170,29,27.3,4.7,".233",".384",".271","0.655",".242",".419",".283",".302",".280","89.6","13.1",35.6,39,9.3,6.4,41.3,"99.848652919","94.22196445",30.1,53.4,"-8","0.1","-1.3","27.5"
"Schanuel, Nolan",694384,2024,519,607,130,13,103,68,17,11.2,".250",".362",".343","0.705",".254",".355",".315",".318",".348","86.1","10.3",36.4,15,3.5,4,25.4,"95.305191333","91.662606993",14.4,41.8,,,,"26.4"
"Taveras, Leody",665750,2024,480,529,110,12,112,42,21.2,7.9,".229",".352",".289","0.641",".240",".368",".282",".295",".301","89","14.7",31.5,22,5.9,5.3,35.5,"99.173170874","93.650113205",26.2,48.8,"4","1.5","1.1","28.5"
"Mitchell, Garrett",669003,2024,196,224,50,8,71,25,31.7,11.2,".255",".469",".342","0.811",".232",".374",".351",".312",".322","88.8","2.8",34.6,11,8.7,6.3,37,"100.952074833","94.510744",34.8,44.4,"3","0.2","0.5","29.5"
"Massey, Michael",686681,2024,332,356,86,14,56,15,15.7,4.2,".259",".449",".294","0.743",".258",".414",".317",".309",".295","89.2","16.8",34.4,20,7.1,7.1,36.9,"98.396031151","93.36810777",17.9,52,,,,"26.8"
"Andujar, Miguel",609280,2024,302,319,86,4,42,13,13.2,4.1,".285",".377",".320","0.697",".260",".337",".306",".282",".296","86.1","9.2",26.1,7,2.7,3.1,33.7,"97.864980763","92.955361494",16,50.4,"-7","1.6","-1.7","26.6"
"Benson, Will",666181,2024,343,388,64,14,154,40,39.7,10.3,".187",".376",".274","0.650",".180",".333",".285",".268",".268","89.4","18.2",36.5,22,11.5,4.7,40.1,"99.756805263","94.123444",39,47.6,"-2","0.5","0.1","28.8"
"Semien, Marcus",543760,2024,650,718,154,23,105,64,14.6,8.9,".237",".391",".308","0.699",".251",".391",".306",".313",".321","87.4","17",33,36,6.6,4.8,35.2,"97.806210919","93.005121934",20.2,50,,,,"28.5"
"Soler, Jorge",624585,2024,493,574,119,21,141,68,24.6,11.8,".241",".442",".338","0.780",".244",".447",".340",".346",".342","90.5","17.9",33.4,45,12.6,7.3,44.1,"101.898357865","95.262490702",28.9,44.5,"-7","-0.1","-3.3","26.9"
"Gorman, Nolan",669357,2024,365,402,74,19,151,34,37.6,8.5,".203",".400",".271","0.671",".209",".433",".290",".307",".278","88.5","20.3",40.3,36,16.7,5.1,38.6,"100.727790741","94.443953953",38.7,51,,,,"26.2"
"Ozuna, Marcell",542303,2024,606,688,183,39,170,74,24.7,10.8,".302",".546",".378","0.924",".286",".572",".395",".402",".368","92.1","14.4",40.5,68,15.5,11.4,53.4,"103.338991136","96.489686128",31.4,46.8,,,,"25.7"
"LeMahieu, DJ",518934,2024,201,228,41,2,35,19,15.4,8.3,".204",".259",".269","0.528",".244",".365",".239",".299",".310","88.5","1.9",31.8,10,5.8,7.5,37.6,"98.271498488","93.240584302",17.5,44.6,,,,"26.1"
"Merrifield, Whit",593160,2024,293,335,65,4,52,35,15.5,10.4,".222",".314",".311","0.625",".242",".317",".283",".295",".329","84.1","12.9",34.3,6,2.4,3.3,21.6,"94.385287083","91.220749372",18.7,45.4,"-2","-1.2","-0.9","29.0"
"Rendon, Anthony",543685,2024,206,238,45,0,35,23,14.7,9.7,".218",".267",".307","0.574",".224",".313",".264",".286",".314","87.9","14.1",31.4,4,2.3,8.6,37.1,"97.612997471","92.991806897",12.5,40.1,,,,"26.8"
"Sosa, Edmundo",624641,2024,249,274,64,7,66,13,24.1,4.7,".257",".422",".313","0.735",".243",".387",".318",".305",".302","89.2","12.8",28.5,16,8.6,4.3,41.4,"100.484249348","94.380628306",31.4,56.8,,,,"29.2"
"Vientos, Mark",668901,2024,413,454,110,27,135,33,29.7,7.3,".266",".516",".322","0.838",".246",".463",".356",".331",".305","91.2","11.4",34.6,40,14.1,7.1,46.6,"102.544746312","95.741575567",34.4,49.9,,,,"26.3"
"Nevin, Tyler",663527,2024,245,278,50,7,64,25,23,9,".204",".331",".288","0.619",".216",".365",".276",".296",".301","89.8","10.7",37,16,8.7,7.1,40.8,"99.059252088","93.891727514",25.6,47.3,"-2","-0.8","-0.7","26.4"
"O'Hearn, Ryan",656811,2024,443,494,117,15,69,46,14,9.3,".264",".427",".334","0.761",".278",".461",".330",".351",".348","89.6","12",35,26,6.9,9.3,40.1,"99.733150957","94.095787394",18.1,46.7,"0","-0.9","-2.3","27.8"
"Neto, Zach",687263,2024,542,602,135,23,140,39,23.3,6.5,".249",".443",".318","0.761",".236",".414",".330",".317",".307","88.5","12.3",29,34,8.4,8.4,38.8,"100.130832864","94.28058907",27.1,48.9,,,,"28.2"
"Sánchez, Jesús",660821,2024,489,537,123,18,140,41,26.1,7.6,".252",".417",".313","0.730",".264",".468",".317",".343",".325","92.5","7.7",31.8,43,12.2,7.1,51.3,"104.556000571","96.923820315",31.2,53.2,"1","1.1","0.4","27.2"
"Perdomo, Geraldo",672695,2024,337,388,92,3,58,36,14.9,9.3,".273",".374",".344","0.718",".231",".314",".317",".281",".307","87","16.9",28.9,9,3.1,3.1,25.8,"96.084793623","92.044093913",12.2,40.5,,,,"27.0"
"Laureano, Ramón",657656,2024,286,309,74,11,96,15,31.1,4.9,".259",".437",".311","0.748",".235",".430",".324",".311",".288","89.2","13.3",38.7,24,12.6,6.8,40.8,"100.254641146","94.492561099",31.8,52.3,"-6","0.6","0","27.8"
"Machado, Manny",592518,2024,593,643,163,29,124,45,19.3,7,".275",".472",".325","0.797",".272",".461",".340",".338",".325","92.5","12.7",33.8,52,11,5.9,48.8,"103.370494128","96.17209183",24.4,51.6,,,,"25.8"
"Perez, Salvador",521692,2024,590,652,160,27,129,44,19.8,6.7,".271",".456",".330","0.786",".275",".522",".335",".360",".334","91.1","19",39.4,57,12.2,6.6,44.8,"101.856275647","95.341857371",27.8,57.8,,,,"24.5"
"Arcia, Orlando",606115,2024,551,602,120,17,128,41,21.3,6.8,".218",".354",".271","0.625",".206",".323",".273",".261",".263","88.2","8.6",29.9,23,5.3,6.5,37.8,"98.41985743","93.283896472",26.6,49.1,,,,"25.6"
"Grandal, Yasmani",518735,2024,215,243,49,9,46,24,18.9,9.9,".228",".400",".304","0.704",".246",".419",".308",".325",".321","91.1","11.1",31.8,17,9.8,6.4,42.8,"100.246108353","94.442007765",20.1,40.9,,,,"23.2"
"Perkins, Blake",663368,2024,383,434,92,6,108,42,24.9,9.7,".240",".332",".316","0.648",".218",".311",".288",".275",".298","88.8","12",32,11,3.9,6,37.7,"97.789208222","93.114376074",27.1,42.4,"11","0.2","1.7","29.6"
"Hoskins, Rhys",656555,2024,449,517,96,26,149,53,28.8,10.3,".214",".419",".303","0.722",".202",".387",".313",".301",".295","88.7","20.8",29.7,39,12.7,6.2,42.2,"99.737434248","94.057895065",26.3,42.8,,,,"25.3"
"Diaz, Yainer",673237,2024,585,619,175,16,107,24,17.3,3.9,".299",".441",".325","0.766",".299",".458",".329",".339",".327","90.2","8.9",35,37,7.6,8.4,47.5,"101.297056214","95.034359505",24,58.8,,,,"27.1"
"Blackmon, Charlie",453568,2024,449,499,115,12,86,43,17.2,8.6,".256",".412",".329","0.741",".249",".365",".323",".306",".323","84.8","16.3",34.1,19,5.2,4.4,27.2,"96.083583591","92.106050111",19.2,48,"-2","-1.5","-0.9","27.4"
"Donovan, Brendan",680977,2024,587,652,163,14,81,47,12.4,7.2,".278",".417",".342","0.759",".277",".419",".332",".335",".343","88.7","13.2",36.6,28,5.5,6.5,37.6,"98.552237391","93.418618597",15.1,44.2,"1","0.6","-0.3","27.0"
"Keith, Colt",690993,2024,516,556,134,13,110,36,19.8,6.5,".260",".380",".309","0.689",".266",".393",".301",".311",".316","87.8","11.3",34.6,23,5.6,5.1,35.3,"98.472613627","93.330372181",23.2,48.6,,,,"27.7"
"Bell, Josh",605137,2024,538,603,134,19,120,51,19.9,8.5,".249",".405",".319","0.724",".239",".396",".317",".310",".311","88.9","10.5",31.4,32,7.6,6.2,40.1,"100.078711292","94.16958744",26.8,48.8,,,,"25.4"
"Murphy, Sean",669221,2024,233,264,45,10,67,27,25.4,10.2,".193",".352",".284","0.636",".214",".399",".281",".308",".303","88","10.5",25.7,16,9.6,4.2,36.5,"99.757961548","94.022077485",28.4,45.6,,,,"25.2"
"Renfroe, Hunter",592669,2024,385,424,88,15,84,36,19.8,8.5,".229",".392",".297","0.689",".223",".362",".302",".291",".292","88.5","16.7",27.8,20,6.6,6.3,39.4,"100.265103311","94.256549636",23.4,44.4,"-7","0.5","-0.9","26.7"
"Santana, Carlos",467793,2024,521,594,124,23,99,65,16.7,10.9,".238",".420",".328","0.748",".246",".415",".326",".330",".336","89.2","16.1",30.9,31,7.3,6.6,39.9,"99.506124387","94.004167778",23.3,43.3,,,,"25.9"
"Newman, Kevin",621028,2024,288,311,80,3,48,15,15.4,4.8,".278",".375",".311","0.686",".256",".323",".298",".271",".292","85.6","9.7",25,4,1.6,1.6,23.4,"95.24854438","91.64158444",17.3,49.2,,,,"27.5"
"Contreras, William",661388,2024,595,679,167,23,139,78,20.5,11.5,".281",".466",".365","0.831",".269",".471",".359",".358",".356","92.8","6.1",29,46,10,7.8,49.5,"103.875480043","96.642602527",27.8,47.4,,,,"26.4"
"Taylor, Chris",621035,2024,213,246,43,4,76,28,30.9,11.4,".202",".300",".298","0.598",".218",".343",".272",".297",".313","85.9","16.9",42.9,10,7.1,6.4,28.6,"97.10671942","92.58514587",31.3,47.7,"-1","-0.9","-0.6","28.1"
"Díaz, Elias",553869,2024,325,351,86,6,69,20,19.7,5.7,".265",".382",".313","0.695",".242",".343",".303",".280",".293","87.1","7.6",31,12,4.7,4.3,34.5,"99.032119063","93.543152344",27.8,53.8,,,,"24.4"
"Tovar, Ezequiel",678662,2024,655,695,176,26,200,23,28.8,3.3,".269",".469",".295","0.764",".233",".401",".324",".289",".264","88.8","18.9",38.5,42,9,7.7,39.8,"99.306485852","93.964016332",33.5,62.3,,,,"28.1"
"Meneses, Joey",608841,2024,281,313,65,3,63,21,20.1,6.7,".231",".302",".291","0.593",".223",".326",".264",".275",".288","88.9","8.3",30.8,10,4.5,8,39.3,"99.265454911","93.867431839",22.9,50.8,,,,"25.5"
"Vargas, Miguel",678246,2024,206,237,31,5,57,25,24.1,10.5,".150",".257",".249","0.506",".175",".288",".233",".260",".276","86.2","21.3",28.9,7,4.6,4.6,26.3,"96.03557","92.025289013",21.6,44.6,"-4","0.1","-0.4","28.6"
"Chapman, Matt",656305,2024,575,647,142,27,158,64,24.4,9.9,".247",".463",".328","0.791",".250",".451",".340",".341",".332","93.2","16.2",31.3,53,12.6,8.1,48.3,"104.356012981","96.727633301",23.5,44.6,,,,"28.7"
"Joe, Connor",656582,2024,364,416,83,9,91,44,21.9,10.6,".228",".368",".320","0.688",".206",".308",".305",".277",".301","85.3","16.3",30.9,13,4.7,3.3,32.7,"97.939201314","92.982890511",25.7,43.1,"-2","0.4","0.3","26.9"
"Toglia, Michael",669911,2024,399,458,87,25,147,54,32.1,11.8,".218",".456",".311","0.767",".244",".503",".329",".358",".334","92.1","15.1",39.2,44,17.3,8.6,50.2,"102.673791797","96.069366471",34.9,45.1,"-1","-1.5","-1.2","27.4"
"DeJong, Paul",657557,2024,445,482,101,24,156,23,32.4,4.8,".227",".427",".276","0.703",".218",".395",".302",".291",".270","87.8","20",36.4,30,10.2,8.5,41.5,"99.999893878","94.174456531",34.9,58,,,,"26.8"
"Cruz, Oneil",665833,2024,541,599,140,21,181,51,30.2,8.5,".259",".449",".324","0.773",".263",".461",".331",".340",".329","95.5","9.8",32.1,57,15.7,4.7,54.9,"107.199352928","98.547881492",34.1,46.3,"2","1.4","2.2","28.8"
"Taylor, Tyrone",621438,2024,319,345,79,7,80,19,23.2,5.5,".248",".401",".299","0.700",".249",".389",".304",".301",".301","87.3","16.8",34.9,17,7.1,7.5,35.3,"99.355167983","93.783487975",22.2,49.4,"4","0.1","1.6","28.9"
"Bleday, JJ",668709,2024,572,642,139,20,125,67,19.5,10.4,".243",".437",".324","0.761",".240",".397",".330",".316",".322","88.5","18.6",37.1,37,8.3,7.1,36.2,"98.959573229","93.527316345",26.1,45.3,"-3","-0.1","0.3","27.6"
"Stanton, Giancarlo",519317,2024,417,459,97,27,143,38,31.2,8.3,".233",".475",".298","0.773",".249",".509",".330",".352",".315","94.6","14.7",34.8,57,20.7,6.5,55.3,"108.185328759","99.180033333",34.4,46.8,,,,"24.6"
"Betts, Mookie",605141,2024,450,516,130,19,57,61,11,11.8,".289",".491",".372","0.863",".282",".447",".371",".356",".368","89.9","21.4",39.3,24,6,10.1,39.5,"98.50877402","93.575257103",14.9,40.4,"1","-0.1","-0.5","26.7"
"O'Neill, Tyler",641933,2024,411,473,99,31,159,53,33.6,11.2,".241",".511",".336","0.847",".213",".480",".360",".339",".313","90.9","20.2",34.6,44,17.3,7.9,48.8,"102.819767874","95.797605236",34.1,44.6,"-4","-0.4","-1.3","27.5"
"Mountcastle, Ryan",663624,2024,473,507,128,13,114,27,22.5,5.3,".271",".425",".308","0.733",".272",".445",".316",".332",".313","90.8","10.4",36.2,32,8.8,7.9,45.2,"102.105716923","95.370233104",25.1,56.1,,,,"27.6"
"Pham, Tommy",502054,2024,440,478,109,9,106,35,22.2,7.3,".248",".368",".305","0.673",".263",".407",".297",".319",".320","90.4","11",32.2,24,7.2,7.8,42.7,"101.105935449","94.883209671",22.5,40.5,"-2","-0.3","-0.4","27.2"
"Ramírez, José",608070,2024,620,682,173,39,82,54,12,7.9,".279",".537",".335","0.872",".259",".453",".364",".329",".320","89.2","19.6",34,47,8.6,8.5,39.7,"99.642954081","93.982319614",15.2,49.4,,,,"28.2"
"Langeliers, Shea",669127,2024,482,534,108,29,145,41,27.2,7.7,".224",".450",".288","0.738",".241",".456",".315",".328",".305","91.3","16.3",35.3,44,12.8,5.2,44,"102.05460686","95.451719446",29.2,49.5,,,,"27.8"
"McCann, James",543510,2024,214,233,50,8,56,13,24,5.6,".234",".388",".279","0.667",".245",".418",".288",".313",".296","87.4","14.4",38.9,14,8.6,9.3,37.7,"99.207987625","93.644913774",27.6,52.1,,,,"25.1"
"Rodríguez, Julio",677594,2024,567,613,155,20,156,38,25.4,6.2,".273",".409",".325","0.734",".275",".463",".321",".344",".327","91.7","10.5",33.2,42,10.2,6.1,48.4,"103.553687536","96.325344116",30.9,54.3,"8","-0.5","1.5","29.6"
"Kiner-Falefa, Isiah",643396,2024,465,496,125,8,78,16,15.7,3.2,".269",".376",".306","0.682",".251",".346",".299",".283",".292","86.1","9.1",31.6,9,2.3,5.1,29.7,"96.695719581","92.34866123",14.8,46.1,,,,"27.8"
"Gurriel Jr., Lourdes",666971,2024,513,553,143,18,101,29,18.3,5.2,".279",".435",".322","0.757",".267",".421",".327",".319",".312","88.4","15.7",33.8,28,6.7,7.2,40,"99.549348469","93.921850288",20.2,51.1,"3","1","0.6","26.6"
"Langford, Wyatt",694671,2024,499,557,126,16,115,51,20.6,9.2,".253",".415",".325","0.740",".257",".427",".321",".331",".330","89.6","16.6",31.3,36,9.3,6.5,43.4,"101.211098854","94.807365599",22.9,42.8,"2","0.9","1.8","29.8"
"Clement, Ernie",676391,2024,434,452,114,12,41,11,9.1,2.4,".263",".408",".284","0.692",".252",".373",".297",".282",".275","85.5","16.3",34.3,15,3.8,5.3,24.9,"95.659056327","91.830379974",14.4,57,,,,"28.4"
"Bellinger, Cody",641355,2024,516,569,137,18,89,45,15.6,7.9,".266",".426",".325","0.751",".242",".391",".322",".301",".305","87.8","17.4",32.9,27,6.3,3.9,32.9,"97.314029213","92.768351065",22.2,49.8,"-1","0.5","0.9","28.4"
"Hays, Austin",669720,2024,235,255,60,5,59,9,23.1,3.5,".255",".396",".303","0.699",".234",".363",".303",".287",".285","88.9","14.9",30.2,12,6.7,7.8,40.2,"100.415422697","94.347982429",29.1,54.4,"-3","-0.4","-0.9","27.1"
"Marsh, Brandon",669016,2024,418,476,104,16,154,50,32.4,10.5,".249",".419",".328","0.747",".236",".406",".326",".324",".321","91.6","13.8",40.7,27,10,11.9,47.4,"101.08883194","95.182442734",27.5,41.3,"-1","-0.4","0.7","28.2"
"Ward, Taylor",621493,2024,585,663,144,25,163,63,24.6,9.5,".246",".426",".323","0.749",".251",".458",".325",".344",".331","90.9","17.4",41.9,56,13,6.7,42.4,"100.017751581","94.464585641",25.5,43.2,"3","0.8","0.7","26.8"
"Cabrera, Oswaldo",665828,2024,299,326,74,8,63,21,19.3,6.4,".247",".365",".296","0.661",".248",".334",".290",".285",".301","88.2","12.5",34,9,3.7,5.8,34.9,"97.641570336","92.88412097",18.8,47.8,,,,"27.4"
"Iglesias, Jose",578428,2024,270,291,91,4,39,12,13.4,4.1,".337",".448",".381","0.829",".285",".369",".362",".314",".336","85.8","9",36.2,5,2.2,4.3,30.6,"96.964592759","92.513387672",15.2,52.5,,,,"28.6"
"Horwitz, Spencer",687462,2024,328,381,87,12,70,42,18.4,11,".265",".433",".357","0.790",".254",".419",".344",".338",".349","88.2","13.7",37.4,21,8,8.4,36.6,"98.212716794","93.175509618",19.4,46,,,,"25.2"
"Triolo, Jared",669707,2024,394,446,85,9,118,42,26.5,9.4,".216",".315",".296","0.611",".224",".332",".275",".289",".307","88.4","13.4",38.8,15,5.3,5,39.1,"99.388421871","93.892534424",27.4,47.7,,,,"28.5"
"Garcia, Maikel",672580,2024,575,626,133,7,103,42,16.5,6.7,".231",".332",".281","0.613",".260",".366",".270",".300",".310","90.4","6.4",34.1,18,3.7,4.8,42.8,"100.050927426","94.39492241",15.7,43.4,,,,"27.9"
"Cave, Jake",595909,2024,323,346,81,7,98,18,28.3,5.2,".251",".396",".290","0.686",".233",".357",".295",".277",".275","87.5","7.5",35.8,12,5.2,5.2,37.1,"98.314485398","93.366757022",28.2,52.6,"-2","-0.1","-0.2","27.7"
"Crow-Armstrong, Pete",691718,2024,372,410,88,10,98,21,23.9,5.1,".237",".384",".286","0.670",".223",".367",".289",".281",".275","88.9","17.2",33.3,21,7.4,6,36.8,"98.797836565","93.630440766",29.9,60.7,"14","0.1","2.6","30.0"
"Grossman, Robbie",543257,2024,208,245,44,3,58,34,23.7,13.9,".212",".293",".322","0.615",".214",".298",".283",".292",".328","86.3","13.3",30.3,5,3.3,4.6,27.6,"96.108367632","92.054845855",22.7,36.3,"-4","3.1","-2.2","27.7"
"Duvall, Adam",594807,2024,303,330,55,11,99,21,30,6.4,".182",".323",".245","0.568",".197",".387",".252",".283",".260","86.9","22.2",27.8,22,10.7,4.9,36.6,"99.791319515","93.950920683",27.7,49,"0","1.4","0.2","28.1"
"Marte, Noelvi",682622,2024,229,242,48,4,75,9,31,3.7,".210",".301",".248","0.549",".225",".346",".243",".268",".263","87","11.4",33.5,10,6.5,6.5,36.1,"98.631095256","93.351013935",32.1,54.1,,,,"28.8"
"Edwards, Xavier",669364,2024,265,303,87,1,52,33,17.2,10.9,".328",".423",".397","0.820",".252",".321",".359",".296",".333","86.1","6.7",37.6,4,1.8,3.7,24.3,"95.052217333","91.536547476",16.9,47.5,,,,"28.4"
"Muncy, Max",571970,2024,237,293,55,15,77,45,26.3,15.4,".232",".494",".358","0.852",".229",".448",".362",".349",".357","90.2","26.6",32.5,18,10.8,11.4,43.4,"100.775015181","94.752278735",31,40.6,,,,"26.9"
"Refsnyder, Rob",608701,2024,272,307,77,11,78,28,25.4,9.1,".283",".471",".359","0.830",".252",".412",".358",".326",".333","89.6","10.7",32.8,19,9.7,4.6,43.1,"101.623071856","95.034267165",28.1,46.2,"-3","1.7","-0.3","27.3"
"Arenado, Nolan",571448,2024,578,635,157,16,92,44,14.5,6.9,".272",".394",".325","0.719",".255",".356",".314",".296",".312","86.3","16.9",35.9,16,3.2,5.1,31.6,"96.924147927","92.483246402",17.2,46.8,,,,"25.3"
"McCutchen, Andrew",457705,2024,448,515,104,20,133,58,25.8,11.3,".232",".411",".328","0.739",".227",".421",".325",".327",".324","88.5","14.3",31.9,38,12,5.7,36.9,"99.424962893","93.831123091",28.9,42,,,,"26.8"
"Fitzgerald, Tyler",666149,2024,314,341,88,15,108,22,31.7,6.5,".280",".497",".334","0.831",".227",".378",".357",".292",".286","87.7","20.2",39.1,17,8.2,4.8,31.9,"97.5779034","92.79850055",31.2,47.7,"1","0.3","0","30.0"
"Robles, Victor",645302,2024,254,295,78,4,53,21,18,7.1,".307",".433",".381","0.814",".257",".389",".357",".326",".338","86.7","14.8",34.8,13,6.2,4.8,28.6,"97.345786105","92.756314603",24.7,54.7,"0","-0.8","1.1","27.8"
"Flores, Wilmer",527038,2024,214,242,44,4,33,20,13.6,8.3,".206",".318",".277","0.595",".221",".339",".262",".285",".298","83.5","21.4",36.6,11,5.9,5.4,27.6,"95.484386989","91.787573297",13.9,43.9,,,,"24.0"
"Kelenic, Jarred",672284,2024,412,449,95,15,133,32,29.6,7.1,".231",".393",".286","0.679",".241",".412",".294",".308",".296","89.8","16",38.2,28,9.9,8.8,45.2,"100.297571631","94.504780603",33.4,49.9,"-3","1.1","0.3","27.9"
"Hamilton, David",666152,2024,294,317,73,8,80,22,25.2,6.9,".248",".395",".303","0.698",".231",".346",".305",".281",".287","87","15.8",38.3,12,5.6,7.5,32.2,"97.714382095","92.969829904",25.6,45.9,,,,"29.4"
"Sheets, Gavin",657757,2024,451,501,105,10,106,43,21.2,8.6,".233",".357",".303","0.660",".251",".380",".291",".309",".320","87.8","13.5",41.1,20,5.7,6.3,35.3,"98.863415862","93.510571585",23,46.2,"-5","-0.5","-2.3","26.7"
"Lowe, Brandon",664040,2024,385,425,94,21,112,33,26.4,7.8,".244",".473",".311","0.784",".252",".482",".335",".343",".318","89.8","14.5",39.6,34,12.4,6.9,44.7,"101.345776014","94.9549512",32.7,55.3,,,,"27.2"
"Vargas, Ildemaro",545121,2024,272,303,67,1,31,19,10.2,6.3,".246",".316",".295","0.611",".255",".322",".271",".280",".305","87","4",29.5,3,1.2,4,31.9,"97.073438667","92.579283167",12.6,46.4,,,,"26.7"
"Casas, Triston",671213,2024,212,243,51,13,77,30,31.7,12.3,".241",".462",".337","0.799",".219",".452",".342",".330",".319","90.2","10.5",35.6,18,13.3,7.4,45.2,"101.435410588","95.112485926",32.2,44.5,,,,"24.1"
"Báez, Javier",595879,2024,272,289,50,6,69,12,23.9,4.2,".184",".294",".221","0.515",".222",".345",".224",".264",".259","88.3","11.2",27.7,16,7.8,6.3,40,"100.532651165","94.368542976",30.2,52.4,,,,"27.5"
"Nimmo, Brandon",607043,2024,571,663,128,23,158,77,23.8,11.6,".224",".399",".327","0.726",".244",".408",".321",".335",".346","91.9","11.2",33.7,38,9.1,6.5,47.4,"101.264982933","95.221659687",23.4,44.8,"0","-0.7","-0.5","28.0"
"Carpenter, Kerry",681481,2024,264,296,75,18,75,22,25.3,7.4,".284",".587",".345","0.932",".265",".555",".390",".379",".332","90.5","17.6",40.1,34,17.7,5.7,46.4,"100.928032292","94.944129215",30.3,50.5,"0","-0.8","1","27.7"
"Urías, Ramón",602104,2024,272,301,69,11,55,23,18.3,7.6,".254",".423",".322","0.745",".248",".429",".325",".328",".319","88.3","12.8",32.6,19,8.7,5.5,38.5,"98.830197431","93.627220321",26.8,49.6,,,,"26.9"
"Hampson, Garrett",641658,2024,213,231,49,0,59,14,25.5,6.1,".230",".300",".275","0.575",".206",".282",".255",".244",".254","86","16.1",31.6,7,4.4,5.7,30.4,"96.882247895","92.472205166",22.9,47.6,"6","-0.2","1.4","29.8"
"Kiermaier, Kevin",595281,2024,259,281,51,5,86,12,30.6,4.3,".197",".313",".237","0.550",".195",".278",".241",".232",".237","86.4","7.3",27.6,7,3.9,5,30,"97.683193765","92.874723706",37.5,54.9,"11","0.8","2.2","28.7"
"Smith, Josh",669701,2024,523,592,135,13,121,46,20.4,7.8,".258",".394",".337","0.731",".242",".352",".323",".304",".324","87.8","15.4",33.7,15,3.7,5.7,37.1,"98.306997711","93.25999596",21.8,47.1,,,,"27.6"
"Kwan, Steven",680757,2024,480,540,140,14,51,53,9.4,9.8,".292",".425",".368","0.793",".284",".385",".349",".333",".361","86.3","14.9",38.5,11,2.6,5.3,23.7,"95.04543782","91.531639359",8.2,39.1,"4","0.1","1.3","27.1"
"Chourio, Jackson",694192,2024,528,573,145,21,121,39,21.1,6.8,".275",".464",".327","0.791",".274",".430",".339",".328",".326","89.7","7.6",33.2,32,7.8,6.6,44.9,"100.832969557","94.831073407",27.1,48.8,"5","1.7","-0.3","29.7"
"Pillar, Kevin",607680,2024,284,314,65,8,69,16,22,5.1,".229",".377",".291","0.668",".221",".329",".293",".275",".284","84.6","17.9",36.5,8,3.7,7.8,29.7,"96.438782936","92.245806101",24.5,52.4,"-1","-0.2","-0.3","28.4"
"Pérez, Wenceel",672761,2024,389,425,94,9,92,32,21.6,7.5,".242",".383",".300","0.683",".241",".354",".299",".291",".300","88.4","18",37.7,13,4.3,6.3,30.6,"97.264471429","92.757975085",20.9,46.1,"4","0.5","0.3","28.2"
"Greene, Riley",682985,2024,512,584,134,24,156,64,26.7,11,".262",".479",".348","0.827",".253",".477",".355",".353",".341","91.3","12.2",39.1,48,13.4,8.1,47.1,"102.088081676","95.54007409",26.8,44.3,"1","2.2","0.6","27.7"
"Ohtani, Shohei",660271,2024,636,731,197,54,162,81,22.2,11.1,".310",".646",".390","1.036",".314",".660",".431",".442",".396","95.8","16.2",37.8,103,21.5,9,60.1,"106.727792385","98.772122364",29.8,47.3,,,,"28.1"
"Wade Jr., LaMonte",664774,2024,331,401,86,8,90,62,22.4,15.5,".260",".381",".380","0.761",".259",".428",".337",".354",".381","90.6","12.9",39.6,23,9.4,9,44.1,"101.164898115","95.074393169",24.2,40.9,,,,"25.2"
"Isbel, Kyle",664728,2024,384,426,88,8,88,27,20.7,6.3,".229",".367",".287","0.654",".234",".333",".286",".281",".293","88.1","9",24.8,12,3.9,3.6,36.3,"99.427451293","93.787078878",19.3,46.1,"9","2.1","1.7","27.9"
"Herrera, Iván",671056,2024,229,259,69,5,53,25,20.5,9.7,".301",".428",".372","0.800",".293",".453",".351",".366",".370","89.3","9.2",38.2,16,9,6.7,42.1,"100.658165843","94.599725311",24.8,43.6,,,,"27.3"
"Gelof, Zack",680869,2024,497,547,105,17,188,38,34.4,6.9,".211",".362",".270","0.632",".199",".347",".276",".271",".262","89.2","14.2",34.4,28,8.8,6.3,37.2,"98.970921935","93.611147032",36.4,51.5,,,,"28.7"
"Harris II, Michael",671739,2024,440,470,116,16,94,23,20,4.9,".264",".418",".304","0.722",".284",".461",".312",".344",".326","90.5","7.5",33.5,35,10,8.3,47,"103.329018908","96.053474224",25.1,55.1,"8","0.5","1","28.3"
"Siri, Jose",642350,2024,402,448,75,18,170,31,37.9,6.9,".187",".366",".255","0.621",".200",".409",".271",".297",".269","87.5","15.4",35.7,35,14.7,8.8,41.6,"100.732893305","94.47103983",41.9,50.9,"16","1.4","2.3","29.9"
"Rafaela, Ceddanne",678882,2024,544,571,134,15,151,15,26.4,2.6,".246",".390",".274","0.664",".229",".368",".286",".273",".259","86.6","14.9",34.9,30,7.5,5,36.9,"98.205036294","93.166643181",33,61.9,"5","2.5","1.8","28.8"
"Bader, Harrison",664056,2024,402,437,95,12,95,21,21.7,4.8,".236",".373",".284","0.657",".242",".377",".285",".294",".292","87.2","11.9",33.9,20,6.4,4.5,35.5,"98.685690255","93.420801022",24.5,46.6,"10","-0.2","1.2","28.2"
"Turner, Trea",607208,2024,505,539,149,21,98,27,18.2,5,".295",".469",".338","0.807",".264",".419",".349",".318",".309","89.1","11.5",30.9,28,6.9,5.6,40.7,"99.706063382","94.073107543",26.1,53.7,,,,"29.6"
"Cowser, Colton",681297,2024,499,561,121,24,172,52,30.7,9.3,".242",".447",".321","0.768",".230",".437",".331",".326",".312","90.5","13",32.1,45,13.6,7.6,46.1,"101.838992303","95.374243739",30.4,44.5,"11","-0.4","0.7","28.2"
"Robert Jr., Luis",673357,2024,393,425,88,14,141,28,33.2,6.6,".224",".379",".278","0.657",".212",".367",".285",".279",".269","90.1","13.5",35.6,25,9.9,5.1,40.7,"101.232868968","94.886076944",36.1,53.1,"1","-0.5","-0.7","28.8"
"McNeil, Jeff",643446,2024,424,472,101,12,68,35,14.4,7.4,".238",".384",".308","0.692",".235",".336",".304",".288",".306","87","14.9",32.2,11,3.1,6.1,31.1,"96.866365393","92.484410197",17.5,55.4,"0","-0.2","-0.6","26.3"
"Bride, Jonah",681146,2024,232,272,64,11,55,30,20.2,11,".276",".461",".357","0.818",".224",".334",".351",".297",".319","87.1","11.8",29.9,10,5.4,4.3,33.7,"97.444142826","92.857149348",16.7,38.2,,,,"26.9"
"Tellez, Rowdy",642133,2024,383,421,93,13,89,31,21.1,7.4,".243",".392",".299","0.691",".237",".394",".301",".302",".297","89.4","17",32.4,24,8,5.7,36.5,"100.611958926","94.350585034",21.9,43.3,,,,"24.2"
"Turner, Justin",457759,2024,460,539,119,11,95,59,17.6,10.9,".259",".383",".354","0.737",".252",".383",".327",".328",".352","87.1","17.8",40.1,17,4.6,6.7,32.5,"96.702342312","92.434680753",17,45.4,,,,"25.4"
"Rosario, Amed",642708,2024,332,346,93,3,73,9,21.1,2.6,".280",".380",".306","0.686",".250",".359",".299",".280",".278","86.9","4.6",33.5,12,4.6,3.8,36.2,"98.559932462","93.290414231",24.6,55.2,"-4","0.1","-0.5","29.0"
"Lipscomb III, Trey",702358,2024,190,211,38,1,40,16,19,7.6,".200",".232",".268","0.500",".230",".290",".231",".267",".296","86.5","0.7",23,1,0.7,3.9,31.6,"97.923016133","92.984215",25.3,50.8,,,,"27.5"
"Brown, Seth",664913,2024,372,400,86,14,112,25,28,6.3,".231",".379",".282","0.661",".232",".387",".289",".294",".284","90","14.6",35.2,22,8.4,6.9,40.6,"100.936577054","94.815981008",29.1,52,"-4","-0.1","-1","27.4"
"Schuemann, Max",680474,2024,396,459,87,7,119,47,25.9,10.2,".220",".308",".311","0.619",".222",".338",".281",".296",".315","89","16.6",39.5,16,5.6,7,37.4,"97.729409209","93.097394065",28.5,42.5,,,,"27.8"
"Torkelson, Spencer",679529,2024,342,381,75,10,105,33,27.6,8.7,".219",".374",".295","0.669",".209",".351",".295",".283",".286","89","20.2",31.5,16,6.7,5,39.7,"99.687498067","94.009349451",26.6,46,,,,"27.2"
"Moreno, Gabriel",672515,2024,305,351,81,5,52,41,14.8,11.7,".266",".380",".353","0.733",".255",".384",".325",".325",".345","90","8.8",33.6,17,6.6,5.9,41,"99.887726484","94.221263359",18.5,41.2,,,,"27.2"
"Rojas, Miguel",500743,2024,307,337,87,6,34,23,10.1,6.8,".283",".410",".337","0.747",".279",".360",".327",".310",".335","85","9.7",33.2,7,2.5,2.2,27.8,"96.317826471","92.174445609",13.9,46.5,,,,"25.8"
"Mateo, Jorge",622761,2024,192,208,44,5,48,10,23.1,4.8,".229",".401",".267","0.668",".228",".339",".286",".271",".270","88.1","14.1",30.2,6,4,7.4,34.9,"99.943727778","94.060455208",23.1,51.7,,,,"29.9"
"Stott, Bryson",681082,2024,506,571,124,11,93,53,16.3,9.3,".245",".356",".315","0.671",".254",".363",".296",".306",".325","87","14",35.3,15,3.6,5.2,30.8,"97.149266143","92.631038831",17,44.1,,,,"29.1"
"Goodman, Hunter",696100,2024,211,224,40,13,64,8,28.6,3.6,".190",".417",".228","0.645",".209",".403",".274",".279",".246","88.2","16.5",32.9,19,12.8,6.7,39.6,"100.1496636","94.135665034",31.5,58,"-3","-0.6","-1.4","28.0"
"Dubón, Mauricio",643289,2024,402,428,108,4,55,16,12.9,3.7,".269",".361",".296","0.657",".248",".330",".286",".272",".281","86.1","14.6",30.4,10,2.8,3.1,26.5,"95.977741503","92.011502977",18.8,60.1,"4","0.7","0.9","27.3"
"Freeman, Tyler",671289,2024,330,383,69,7,53,28,13.8,7.3,".209",".321",".305","0.626",".236",".338",".283",".302",".329","87.7","13",30.7,9,3.2,6.7,34.6,"98.573015071","93.423975986",16.4,46.9,"-4","-1.6","-1.8","28.2"
"Julien, Edouard",666397,2024,266,301,53,8,102,33,33.9,11,".199",".323",".292","0.615",".197",".351",".278",".287",".291","87.8","11.9",38.4,16,9.8,7.9,37.8,"98.889968415","93.491651402",30.9,40.6,,,,"26.7"
"Paredes, Isaac",670623,2024,542,641,129,19,105,76,16.4,11.9,".238",".393",".346","0.739",".220",".337",".327",".304",".333","85","22.4",37,20,4.5,7.2,27.1,"95.875582928","91.952619865",17.2,44.7,,,,"25.9"
"Marte, Starling",516782,2024,335,370,90,7,81,27,21.9,7.3,".269",".388",".327","0.715",".287",".425",".313",".337",".344","89.8","4.3",37.1,18,6.9,7.3,42.9,"101.20205624","94.944189",28.4,50.2,"-8","-0.1","-0.8","27.1"
"Estrada, Thairo",642731,2024,364,381,79,9,76,10,19.9,2.6,".217",".343",".247","0.590",".226",".338",".256",".263",".257","86.2","10.5",30.3,14,4.8,5.9,31.7,"97.31710125","92.678487456",20.5,51.3,,,,"28.0"
"Ortiz, Joey",687401,2024,440,511,105,11,103,56,20.2,11,".239",".398",".329","0.727",".234",".343",".319",".305",".328","87.8","9.9",26.6,16,4.6,5.2,38.4,"99.391509467","93.766433018",17.1,39.4,,,,"28.7"
"Judge, Aaron",592450,2024,559,704,180,58,171,133,24.3,18.9,".322",".701",".458","1.159",".310",".723",".476",".479",".449","96.2","19",40.8,105,26.9,8.5,61,"107.20043567","99.103701521",30.7,42,"-6","-1.1","-2.1","26.8"
"India, Jonathan",663697,2024,533,637,132,15,125,80,19.6,12.6,".248",".392",".357","0.749",".266",".412",".333",".352",".376","87.2","13.5",39.3,32,7.7,5.8,36.5,"98.90319256","93.547150797",19.2,38.3,,,,"28.0"
"Realmuto, J.T.",592663,2024,380,413,101,14,102,27,24.7,6.5,".266",".429",".322","0.751",".268",".459",".326",".339",".324","89.2","9.4",36.9,29,10.4,9.7,46.6,"101.248653813","94.909982842",26.2,50.5,,,,"28.4"
"Frazier, Adam",624428,2024,262,294,53,4,59,22,20.1,7.5,".202",".294",".282","0.576",".238",".318",".261",".286",".314","84.5","15.3",37.9,6,2.9,4.9,22.8,"95.005808416","91.560763134",18.8,47,"0","-0.9","0","26.7"
"Harper, Bryce",547180,2024,550,631,157,30,138,76,21.9,12,".285",".525",".373","0.898",".267",".474",".380",".357",".358","91.1","13.5",36.1,44,10.6,9.6,48.2,"102.531835097","95.63882949",26.7,52.9,,,,"27.4"
"Fry, David",681807,2024,335,392,88,14,84,42,21.4,10.7,".263",".448",".356","0.804",".246",".394",".347",".326",".344","88.3","19.6",36.9,19,7.5,6.3,37.6,"99.146678031","93.715471417",24.8,49.2,"-1",,,"26.2"
"Peña, Jeremy",665161,2024,602,650,160,15,111,25,17.1,3.8,".266",".394",".308","0.702",".263",".394",".305",".310",".308","88.2","7.5",29.2,27,5.4,5.4,38.8,"99.323506707","93.74168435",24.9,54.2,,,,"29.8"
"Varsho, Daulton",662139,2024,459,513,98,18,137,48,26.7,9.4,".214",".407",".293","0.700",".186",".316",".304",".261",".268","86.1","24.4",30.2,20,6.2,9,34,"98.537583503","93.276618121",27,47.6,"16","1.5","2.1","28.5"
"Garver, Mitch",641598,2024,367,430,63,15,133,53,30.9,12.3,".172",".341",".286","0.627",".180",".335",".281",".285",".295","89.9","18.3",32.5,20,8.4,7.2,39.7,"99.983276271","94.254381059",30.8,38.7,,,,"26.0"
"Velázquez, Nelson",676369,2024,205,230,41,8,61,19,26.5,8.3,".200",".366",".274","0.640",".214",".396",".280",".304",".291","88.2","17.4",29.9,13,8.8,6.8,38.1,"99.364038514","93.836443129",35.5,46.5,"-1","-2","-4.2","27.5"
"Tatis Jr., Fernando",665487,2024,398,438,110,21,96,32,21.9,7.3,".276",".492",".340","0.832",".298",".538",".359",".387",".360","93.5","10",33.7,44,14.5,6.9,55.8,"104.418991126","97.109953874",28.1,51.3,"-2","0.1","1.5","28.4"
"Tauchman, Mike",643565,2024,298,350,74,7,70,47,20,13.4,".248",".366",".357","0.723",".242",".380",".325",".330",".353","89","15.5",34.9,17,7.4,4.8,41,"99.141927105","93.788317412",22.5,46,"-1","1","0.8","27.2"
"Lowe, Nathaniel",663993,2024,486,565,129,16,125,71,22.1,12.6,".265",".401",".361","0.762",".252",".380",".337",".328",".352","88.9","7.7",32.6,21,5.8,6.8,40,"100.432822253","94.330442369",20.6,42.7,,,,"26.4"
"Schneemann, Daniel",682177,2024,193,221,42,5,70,25,31.7,11.3,".218",".368",".303","0.671",".209",".307",".295",".277",".299","88.5","11.1",41.3,6,4.8,5.6,38.1,"98.405974921","93.326836825",31.7,49.1,"1","1","1.1","28.3"
"Urshela, Gio",570482,2024,432,461,108,9,72,23,15.6,5,".250",".361",".286","0.647",".264",".389",".281",".302",".302","86.4","10.5",38.6,18,4.9,5.2,28.4,"96.696776409","92.394270526",20.3,54.6,,,,"25.1"
"Raleigh, Cal",663728,2024,546,628,120,34,176,70,28,11.1,".220",".436",".312","0.748",".233",".476",".323",".346",".326","91","21.2",35.6,58,15.4,6.9,48.1,"102.032071755","95.508789467",31,52.3,,,,"26.6"
"Contreras, Willson",575929,2024,301,358,79,15,96,45,26.8,12.6,".262",".468",".380","0.848",".258",".455",".370",".365",".377","91.6","14.2",32.7,23,11.2,6.8,46.8,"103.712134757","96.17214078",35,49.8,,,,"27.1"
"Merrill, Jackson",701538,2024,554,593,162,24,101,29,17,4.9,".292",".500",".326","0.826",".300",".531",".352",".369",".334","90.4","14.6",39.6,52,11.3,7.8,43.9,"100.811784978","94.735707484",20.5,56.9,"11","1.7","1.1","28.5"
"Ruiz, Keibert",660688,2024,459,485,105,13,54,16,11.1,3.3,".229",".359",".260","0.619",".251",".350",".268",".279",".283","85.4","19.8",32.2,13,3.2,4.1,25.6,"95.477673333","91.740685858",12.1,52.3,,,,"25.0"
"Nootbaar, Lars",663457,2024,348,405,85,12,79,52,19.5,12.8,".244",".417",".342","0.759",".264",".455",".331",".355",".359","91.8","6",32.2,27,9.9,8.1,49.5,"102.282162353","95.717855683",19,37.2,"1","-0.3","-1","27.0"
"Cronenworth, Jake",630105,2024,577,656,139,17,118,61,18,9.3,".241",".390",".324","0.714",".259",".420",".315",".335",".341","88.6","13.9",35.4,36,7.8,5.8,36.7,"99.527561266","93.904133654",17.1,45,,,,"27.7"
"Kim, Ha-Seong",673490,2024,403,470,94,11,77,58,16.4,12.3,".233",".370",".330","0.700",".245",".352",".308",".313",".344","87.9","15.1",36.6,16,4.8,4.8,35.4,"98.621780994","93.412597329",16.1,38,,,,"28.3"
"Lux, Gavin",666158,2024,439,487,110,10,110,44,22.6,9,".251",".383",".320","0.703",".259",".386",".310",".318",".330","88.3","9.1",35,20,6,7.3,41.1,"98.995997212","93.691033374",23.3,45.1,,,,"27.7"
"Jimenez, Leo",677870,2024,179,210,41,4,59,12,28.1,5.7,".229",".358",".329","0.687",".228",".361",".308",".311",".328","87.6","12.3",40.7,10,8.1,7.3,33.3,"97.300784098","92.763416942",27,46.3,,,,"28.0"
"Henderson, Gunnar",683002,2024,630,719,177,37,159,78,22.1,10.8,".281",".529",".364","0.893",".283",".492",".381",".374",".368","92.8","9.2",34.5,53,11.2,8.6,53.9,"104.002332911","96.835723291",24.4,44.2,,,,"28.9"
"Valdez, Enmanuel",665839,2024,201,223,43,6,53,17,23.8,7.6,".214",".363",".270","0.633",".234",".407",".275",".304",".292","89.4","19.3",32,14,9.2,5.9,41.8,"99.9120656","94.1331724",22.1,43.9,,,,"26.2"
"Higashioka, Kyle",543309,2024,246,263,54,17,74,15,28.1,5.7,".220",".476",".263","0.739",".220",".430",".314",".298",".264","88.4","20.7",40.2,19,10.9,9.2,37.4,"99.356005116","93.902030409",25.6,46.4,,,,"25.4"
"Conforto, Michael",624424,2024,438,488,104,20,118,42,24.2,8.6,".237",".450",".309","0.759",".257",".479",".327",".350",".329","90.2","14.8",33.7,38,11.8,9,46,"101.95530559","95.249550592",25.2,44.8,"-4","0","-1.3","26.3"
"Meyers, Jake",676694,2024,461,513,101,13,117,35,22.8,6.8,".219",".360",".286","0.646",".235",".382",".285",".304",".303","88.2","14.4",34.8,24,6.8,8.3,37,"99.317270058","93.726741906",27,49.1,"14","0.6","1.4","28.9"
"Montero, Elehuris",660707,2024,224,247,46,4,56,20,22.7,8.1,".205",".304",".267","0.571",".208",".324",".254",".269",".274","89.5","17",27.5,13,7.6,6.4,41.5,"100.877618721","94.67846193",30.3,54.1,,,,"26.2"
"Marte, Ketel",606466,2024,504,583,147,36,106,65,18.2,11.1,".292",".560",".372","0.932",".294",".538",".391",".392",".378","94","9.4",33.7,50,12.3,7.4,53.8,"103.991137178","96.920444406",21.3,48.2,,,,"27.1"
"Grisham, Trent",663757,2024,179,209,34,9,57,22,27.3,10.5,".190",".385",".290","0.675",".203",".389",".295",".305",".302","90.6","20",25.6,15,12,7.2,46.4,"100.360050339","94.648811864",23.3,37.2,"2","2.4","-0.5","26.9"
"Jones, Nolan",666134,2024,256,297,58,3,91,36,30.6,12.1,".227",".320",".321","0.641",".211",".322",".287",".287",".310","88.2","7.8",34.3,10,5.9,6.5,44.4,"100.556302024","94.528500893",25.6,40,"-6","-1.1","-2.3","28.1"
"Bauers, Jake",641343,2024,302,346,60,12,118,39,34.1,11.3,".199",".361",".301","0.662",".201",".379",".294",".302",".303","89.4","22.6",38.6,19,10.3,9.2,42.9,"99.96682033","94.377085138",29.1,45.8,,,,"27.2"
"Gonzales, Nick",693304,2024,359,387,97,7,74,18,19.1,4.7,".270",".398",".311","0.709",".270",".407",".307",".317",".314","87.9","13",34.1,23,7.9,4.5,36.9,"98.826293958","93.505191185",24.9,56.2,,,,"29.2"
"Lindor, Francisco",596019,2024,618,689,169,33,127,56,18.4,8.1,".273",".500",".344","0.844",".283",".528",".363",".379",".353","90.9","17",35.4,67,13.6,5.7,47.4,"101.098117236","95.07615815",23.7,48.7,,,,"27.6"
"Westburg, Jordan",676059,2024,416,447,110,18,97,22,21.7,4.9,".264",".481",".312","0.793",".281",".491",".340",".353",".328","91.1","13.1",37.4,38,11.8,9,46.1,"101.801873375","95.272487",29.3,51,,,,"29.0"
"Reynolds, Bryan",668804,2024,622,692,171,24,156,57,22.5,8.2,".275",".447",".344","0.791",".270",".463",".343",".350",".342","89.9","9.4",37.5,45,9.6,7.2,45.4,"100.987209316","94.867542484",29.4,50.4,"-13","-1.2","-0.5","28.0"
"Yastrzemski, Mike",573262,2024,428,474,99,18,124,38,26.2,8,".231",".437",".302","0.739",".219",".397",".319",".301",".292","90.4","19.1",33,32,10.5,6.5,41,"99.5562712","94.186783411",26.1,44.1,"-2","-0.4","1","27.2"
"Buxton, Byron",621439,2024,355,388,99,18,99,20,25.5,5.2,".279",".524",".335","0.859",".264",".502",".366",".353",".322","91.7","19.8",39.5,34,13.2,8.5,48.1,"102.451274806","95.815194845",32.1,54,"3","-0.4","0.9","29.7"
"Toro, Abraham",647351,2024,337,364,81,6,62,20,17,5.5,".240",".350",".293","0.643",".245",".365",".283",".291",".297","87.2","12.2",33.2,12,4.3,5.4,29.6,"97.476845145","92.798620509",17.4,48.1,,,,"27.9"
"McCarthy, Jake",664983,2024,442,495,126,8,78,31,15.8,6.3,".285",".400",".349","0.749",".265",".359",".329",".311",".333","84.5","9.1",30.4,10,2.7,4.3,24.5,"95.637290857","91.834529486",17.6,49.3,"5","-0.6","0.6","29.8"
"Duran, Ezequiel",677649,2024,268,285,66,3,63,14,22.1,4.9,".246",".321",".288","0.609",".215",".309",".270",".252",".258","87.1","8.9",28.2,7,3.4,6.3,35.9,"98.680111262","93.37676239",24.7,56.4,"0","2.1","-0.1","28.8"
"Moore, Dylan",664238,2024,368,441,74,10,123,53,27.9,12,".201",".367",".320","0.687",".201",".324",".306",".297",".323","88.4","22.6",38.2,22,8.8,6,36.3,"98.78016696","93.44884728",24.8,42.4,"0","-0.3","0.6","28.0"
"Smith, Dominic",642086,2024,275,307,64,6,76,28,24.8,9.1,".233",".378",".313","0.691",".219",".383",".306",".302",".301","89.3","13",37.7,21,10.6,7,38.7,"98.769074141","93.729740505",25.3,45.3,,,,"25.6"
"Calhoun, Willie",641432,2024,229,254,56,5,31,23,12.2,9.1,".245",".380",".315","0.695",".258",".354",".305",".305",".328","89","12.4",30.2,6,3,5.5,37.7,"98.9731294","93.584500603",13.2,43.6,,,,"24.3"
"Moniak, Mickey",666160,2024,392,418,86,14,114,21,27.3,5,".219",".380",".266","0.646",".221",".379",".281",".283",".267","88.1","19.8",31.9,26,9.3,5,34.4,"99.494460797","93.816907681",30.6,56.7,"1","-0.8","0.3","28.6"
"García, Adolis",666969,2024,580,637,130,25,177,45,27.8,7.1,".224",".400",".284","0.684",".227",".413",".296",".306",".289","91","15",33.7,51,12.5,6.6,48.2,"101.827676765","95.435631691",34.3,52.1,"-12","0.3","-0.6","26.8"
"Doyle, Brenton",686668,2024,542,603,141,23,153,46,25.4,7.6,".260",".446",".317","0.763",".254",".436",".328",".329",".315","89.2","13.2",37.4,42,10.5,6,41.4,"100.983223096","94.67619269",29.8,51.4,"15","-1.1","1","29.3"
"Duran, Jarren",680776,2024,671,735,191,21,160,54,21.8,7.3,".285",".492",".342","0.834",".271",".448",".357",".338",".330","90.8","9.5",33.8,48,9.3,6.2,43.9,"101.928155512","95.341113209",24.8,48.3,"10","1.4","0.6","29.6"
"Bart, Joey",663698,2024,253,282,67,13,73,22,25.9,7.8,".265",".462",".337","0.799",".247",".431",".347",".330",".322","88.1","10.5",32.6,17,9.4,3.3,38.7,"100.959040333","94.605861732",26.2,43.7,,,,"27.0"
"Adames, Willy",642715,2024,610,688,153,32,173,74,25.1,10.8,".251",".462",".331","0.793",".243",".461",".342",".339",".324","88.6","20.6",38.2,53,12,8.6,40.7,"99.769639045","94.108759136",29.5,49.5,,,,"27.4"
"Gordon, Nick",624503,2024,260,275,59,8,67,11,24.4,4,".227",".369",".258","0.627",".218",".351",".271",".263",".252","86.1","6.5",34.7,12,6.1,3.1,29.6,"96.567867732","92.321775928",32,59.8,"-2","-0.2","-0.2","27.6"
"Biggio, Cavan",624415,2024,188,224,37,5,72,24,32.1,10.7,".197",".303",".314","0.617",".179",".239",".285",".256",".298","82","21.2",37.3,3,2.5,5.9,16.9,"92.815215439","90.564125877",23.8,38.2,"2","0.6","1.7","28.5"
"Raley, Luke",670042,2024,404,455,98,22,135,27,29.7,5.9,".243",".463",".320","0.783",".220",".418",".339",".316",".301","90.1","13.5",31.5,30,11,8.1,41.8,"101.696067615","95.042152538",34.5,51.8,"-3","-1","-1.9","28.9"
"Turang, Brice",668930,2024,559,619,142,7,105,50,17,8.1,".254",".349",".316","0.665",".261",".340",".294",".297",".323","87","6.1",32,11,2.4,2.6,29.7,"96.869333063","92.521821874",13.8,47.7,,,,"29.3"
"Friedl Jr., TJ",670770,2024,297,341,67,13,52,26,15.2,7.6,".226",".380",".310","0.690",".228",".318",".305",".292",".318","86","16.7",29.9,8,3.2,5.6,31.5,"96.990036","92.527458326",17.9,43.4,"-4","0.6","-0.9","26.5"
"Fletcher, Dominic",666150,2024,223,241,46,1,58,11,24.1,4.6,".206",".256",".252","0.508",".219",".282",".227",".244",".265","84.4","12.1",38.7,3,1.8,3,26.8,"95.808053494","91.934485697",21.2,47.2,"2","2.3","1.1","26.4"
"Meadows, Parker",678009,2024,270,298,66,9,76,25,25.5,8.4,".244",".433",".310","0.743",".229",".378",".321",".298",".297","87","18.5",34.7,15,7.7,6.1,32.3,"97.956970619","93.056795751",27,45.5,"7","2.1","1.1","29.3"
"Larnach, Trevor",663616,2024,355,400,92,15,89,40,22.3,10,".259",".434",".338","0.772",".259",".458",".336",".345",".338","92","12.4",36.2,27,10.1,8.6,45.1,"102.375195821","95.54188573",27.9,44.1,"2","-0.3","-1.2","26.3"
"Fraley, Jake",641584,2024,350,382,97,5,70,26,18.3,6.8,".277",".386",".330","0.716",".245",".323",".314",".285",".304","84.3","11.1",34.6,9,3.2,3.5,24.7,"95.677326241","91.891008399",21.3,57.9,"0","0.1","1.3","28.3"
"Bruján, Vidal",660644,2024,248,278,55,2,54,25,19.4,9,".222",".319",".303","0.622",".216",".282",".276",".262",".299","85.1","8",29.7,3,1.5,4.1,22.6,"95.193229158","91.616436508",24.4,52,"3","0.4","1.7","27.5"
"Suárez, Eugenio",553993,2024,571,640,146,30,176,49,27.5,7.7,".256",".469",".319","0.788",".247",".447",".337",".330",".314","89.1","19.5",40.4,46,11.3,8.9,42.4,"100.570552315","94.463438988",29.1,47.2,,,,"26.5"
"Thomas, Lane",657041,2024,472,528,112,15,137,44,25.9,8.3,".237",".400",".309","0.709",".242",".377",".309",".307",".315","88.8","17",31.5,25,7.4,7.1,40.6,"100.376555353","94.3557595",23.3,43.8,"-9","0","-0.4","29.3"
"Senzel, Nick",669222,2024,236,267,46,7,61,28,22.8,10.5,".195",".331",".283","0.614",".229",".355",".273",".298",".314","84","15.5",38.6,10,5.7,4.5,26.7,"95.746731264","91.876891724",23.9,47.1,,,,"27.3"
"Witt Jr., Bobby",677951,2024,636,709,211,32,106,57,15,8,".332",".588",".389","0.977",".315",".577",".410",".407",".378","92.7","15.1",35.7,77,14.3,5.6,48.3,"103.972880446","96.499868141",22.3,51.2,,,,"30.5"
"Amaya, Miguel",665804,2024,328,363,76,8,62,23,17.1,6.3,".232",".357",".288","0.645",".251",".371",".283",".300",".306","88.4","11.1",33.9,13,4.7,6.9,33.9,"99.101174286","93.708861353",22.5,54,,,,"25.5"
"Springer III, George",543807,2024,545,614,120,19,115,60,18.7,9.8,".220",".371",".303","0.674",".244",".402",".298",".322",".325","87.5","9.4",29.2,40,9.3,4.4,37.4,"99.896868","94.046929394",25.3,49.1,"0","0","-1.2","28.1"
"Mullins II, Cedric",656775,2024,444,499,104,18,98,41,19.6,8.2,".234",".405",".305","0.710",".227",".355",".310",".291",".298","87.1","21.5",31.7,17,4.9,5.4,33.4,"97.759606105","92.89369311",19.1,51.4,"4","-0.5","0.8","28.3"
"Carlson, Dylan",666185,2024,235,265,49,3,75,22,28.3,8.3,".209",".277",".287","0.564",".195",".270",".257",".250",".276","86.8","15.8",30.1,4,2.5,8,25.8,"96.530139877","92.297463602",31,48.2,"-7","-0.4","-0.9","27.3"
"Soto, Juan",665742,2024,576,713,166,41,119,129,16.7,18.1,".288",".569",".419","0.988",".316",".646",".421",".462",".445","94.2","10.7",35.4,91,19.7,6.3,57,"105.650123728","97.994705143",21.5,37.2,"-5","1.2","0.3","26.8"
"Pasquantino, Vinnie",686469,2024,496,554,130,19,71,40,12.8,7.2,".262",".446",".315","0.761",".266",".438",".325",".331",".322","91","14.6",31.9,31,7.1,8.9,46.5,"100.997993151","94.970921142",14.5,47.8,,,,"25.6"
"Carroll, Corbin",682998,2024,589,684,136,22,130,73,19,10.7,".231",".428",".322","0.750",".241",".391",".325",".324",".334","89.3","12",27.8,34,7.2,7,40.8,"101.055665665","94.755672366",20.3,41.4,"7","2.1","0.9","29.6"
"Hernández, Enrique",571771,2024,362,393,83,12,77,27,19.6,6.9,".229",".373",".281","0.654",".233",".362",".285",".285",".286","89.6","17.1",36,14,4.8,8,41.5,"99.326670699","93.89398972",22.9,48.9,"1","2.7","0.1","27.0"
"Malloy, Justyn-Henry",669234,2024,202,230,41,8,85,23,37,10,".203",".366",".291","0.657",".179",".327",".291",".267",".271","87.6","18.7",31.9,13,10.9,6.7,37.8,"98.290103167","93.208402605",36.6,43.9,"-4","-3","-4.3","26.6"
"Pagés, Pedro",686780,2024,202,218,48,7,58,13,26.6,6,".238",".376",".281","0.657",".224",".347",".286",".279",".273","89","11.8",32,7,4.8,8.2,40.4,"99.177856111","93.608837639",26.1,51,,,,"25.9"
"Busch, Michael",683737,2024,496,567,123,21,162,63,28.6,11.1,".248",".440",".335","0.775",".217",".418",".336",".319",".309","89.9","17.2",36.4,38,11.2,6.5,39.9,"99.992212321","94.35127744",28.4,45.2,,,,"27.3"
"Bohm, Alec",664761,2024,554,606,155,15,86,40,14.2,6.6,".280",".448",".332","0.780",".288",".444",".335",".342",".342","90.4","10.1",35.2,32,6.8,9.1,45.6,"100.768220847","94.781662669",17.6,49.7,,,,"26.3"
"McKinstry, Zach",656716,2024,297,325,64,4,69,24,21.2,7.4,".215",".337",".277","0.614",".238",".364",".270",".294",".299","88","18.7",37.8,10,4.3,7.8,32.6,"97.327044","92.860583362",22.1,47.7,"-1","-0.2","-0.3","28.4"
"Anderson, Tim",641313,2024,234,241,50,0,68,7,28.2,2.9,".214",".226",".237","0.463",".215",".283",".208",".230",".238","86.1","1.4",29.5,3,1.8,4.8,30.1,"96.982041205","92.531306303",30.6,54.6,,,,"27.1"
"Stallings, Jacob",607732,2024,243,281,64,9,65,27,23.1,9.6,".263",".453",".357","0.810",".235",".381",".353",".318",".334","86.6","12.8",38.9,13,7.2,7.2,34.4,"97.816675843","92.986677006",29.8,45.4,,,,"23.9"
"Naylor, Bo",666310,2024,354,389,71,13,122,29,31.4,7.5,".201",".350",".264","0.614",".196",".326",".269",".260",".260","88.8","19.9",32.6,19,8.1,6.8,37.7,"98.72815","93.535266567",28.3,46.9,,,,"26.6"
"Caballero, José",676609,2024,441,483,100,9,133,27,27.5,5.6,".227",".347",".283","0.630",".217",".315",".277",".267",".276","83.7","15.9",33.8,16,5.1,4.8,25.2,"96.196185563","92.133024917",28.9,50,,,,"28.3"
"McCormick, Chas",676801,2024,242,267,51,5,72,17,27,6.4,".211",".306",".271","0.577",".223",".355",".257",".285",".284","86.2","15.2",32.2,13,7.5,4,32.8,"97.920374118","93.001741775",31.3,53.2,"6","0.6","0.7","28.7"
"Walker, Christian",572233,2024,479,552,120,26,133,55,24.1,10,".251",".468",".335","0.803",".246",".457",".343",".351",".339","91.2","16.6",35,47,13.3,7.1,48,"103.127969548","96.011102521",25.6,48,,,,"26.2"
"Yoshida, Masataka",807799,2024,378,421,106,10,52,27,12.4,6.4,".280",".415",".349","0.764",".258",".394",".336",".322",".331","88","10.5",36.3,18,5.5,7.3,37.5,"99.0909025","93.581912866",14.6,45.4,,,,"26.1"
"Rogers, Jake",668670,2024,310,337,61,10,99,22,29.4,6.5,".197",".352",".255","0.607",".218",".413",".264",".297",".276","89","15.7",32.9,21,9.9,9.4,41.8,"99.180639906","93.973828585",32.7,47.6,,,,"27.1"
"Winn, Masyn",691026,2024,587,637,157,15,109,41,17.1,6.4,".267",".416",".314","0.730",".256",".358",".315",".293",".305","87","13.2",33.5,18,3.7,6.4,32.7,"98.144268452","93.085870398",19,47,,,,"28.8"
"Bailey, Patrick",672275,2024,401,448,94,8,100,39,22.3,8.7,".234",".339",".298","0.637",".258",".398",".281",".319",".324","91.3","12.1",37.9,17,5.5,7.1,43,"100.739347483","94.770639073",23.4,48.1,,,,"25.2"
"Suzuki, Seiya",673548,2024,512,585,145,21,160,63,27.4,10.8,".283",".482",".366","0.848",".255",".453",".365",".346",".343","91.7","16.2",38.8,41,11.5,10.1,49.2,"102.565369326","95.834191408",24.5,39.6,"-3","1.2","1.3","28.3"
"Hernández, Teoscar",606192,2024,589,652,160,33,188,53,28.8,8.1,".272",".501",".339","0.840",".250",".486",".360",".346",".320","90.6","10.3",33.8,60,14.9,7.5,46.8,"102.727395423","95.689116559",34,51.2,"-9","-1.1","-0.8","28.6"
"Melendez Jr., MJ",669004,2024,412,451,85,17,113,35,25.1,7.8,".206",".400",".273","0.673",".239",".425",".292",".317",".303","91.1","14.6",29.1,25,8.4,9,45.2,"101.49620396","95.196771409",29.5,52.5,"-6","-1.5","-0.8","27.8"
"Santander, Anthony",623993,2024,595,665,140,44,129,58,19.4,8.7,".235",".506",".308","0.814",".228",".445",".345",".324",".304","89.8","22.7",35,55,11.7,9.1,41.6,"100.325476894","94.357156511",20,49.7,"-2","-0.9","-1","26.0"
"Hayes, Ke'Bryan",663647,2024,365,396,85,4,75,23,18.9,5.8,".233",".290",".283","0.573",".244",".327",".256",".279",".296","88.9","4.8",29.9,7,2.4,6.5,42.9,"99.837230137","94.135653938",18.1,44.8,,,,"26.4"
"Arozarena, Randy",668227,2024,549,648,120,20,169,73,26.1,11.3,".219",".388",".332","0.720",".219",".381",".320",".324",".335","90.4","13.2",28.4,32,8.3,7,43.5,"100.904108177","94.731331384",29.7,41,"-6","-0.4","-1.5","28.1"
"Devers, Rafael",646240,2024,525,601,143,28,147,67,24.5,11.1,".272",".516",".354","0.870",".272",".509",".364",".364",".355","93.2","11.6",35.2,50,13,8.6,52.6,"104.597925864","97.090537461",30.9,50.9,,,,"26.5"
"Heyward, Jason",518792,2024,228,258,48,10,53,22,20.5,8.5,".211",".412",".288","0.700",".233",".346",".300",".290",".309","88","10.4",29.8,10,5.6,3.4,41.6,"99.992543146","94.178780339",24,49.6,"2","0.1","-0.7","26.8"
"Wells, Austin",669224,2024,354,414,81,13,87,47,21,11.4,".229",".395",".322","0.717",".242",".429",".315",".339",".339","88.4","17.1",34.5,25,9.1,7.3,38.9,"99.723567259","94.070969368",27.3,49.3,,,,"26.7"
"Sosa, Lenyn",672820,2024,351,369,89,8,77,12,20.9,3.3,".254",".359",".283","0.642",".278",".419",".280",".316",".309","89","12.3",42.2,17,6.1,9,41.2,"99.355197445","93.909530839",19.8,52.7,,,,"27.3"
"Wisely, Brett",689172,2024,252,272,60,4,65,13,23.9,4.8,".238",".345",".278","0.623",".215",".313",".272",".255",".259","86.8","16.2",29.7,10,5.2,3.6,31.6,"96.94857663","92.51248388",22.5,49.5,,,,"27.8"
"Ramírez, Harold",623912,2024,238,246,62,2,50,5,20.3,2,".261",".324",".280","0.604",".236",".311",".265",".251",".258","87","-0.2",27.5,6,3.2,2.1,33.9,"98.279194301","93.19999086",31.4,56.2,,,,"28.0"
"Campusano, Luis",669134,2024,277,299,63,8,41,20,13.7,6.7,".227",".361",".281","0.642",".242",".350",".282",".289",".297","87.7","9.9",27.4,11,4.6,4.6,34.2,"98.345403475","93.277557745",20.5,50.9,,,,"25.0"
"Kepler, Max",596146,2024,368,399,93,8,80,22,20.1,5.5,".253",".380",".302","0.682",".247",".381",".298",".301",".300","88.9","16.8",35.4,18,6.2,7.2,36.8,"99.569991319","93.867541875",24.4,52.3,"4","0.1","0.3","26.8"
"Palacios, Richie",680700,2024,264,316,59,5,67,45,21.2,14.2,".223",".318",".346","0.664",".249",".342",".303",".325",".369","86.2","14",36.4,7,3.5,4.5,30.3,"96.843483131","92.444278274",24.7,46.7,"3","0.3","0.9","27.9"
"DeLuca, Jonny",676356,2024,332,362,72,6,77,24,21.3,6.6,".217",".331",".278","0.609",".230",".318",".269",".272",".289","84.6","16.2",32.7,10,3.9,4.7,28,"96.24111608","92.14905868",24,53.8,"8","-0.2","1.6","29.8"
"García, Luis",671277,2024,500,528,141,18,86,27,16.3,5.1,".282",".444",".318","0.762",".278",".452",".328",".331",".315","89.1","8.2",32.8,33,8,5.8,41.7,"100.167127696","94.249397672",21.3,51.7,,,,"27.2"
"Morel, Christopher",666624,2024,535,611,105,21,159,61,26,10,".196",".346",".288","0.634",".225",".399",".280",".316",".316","89.2","14.2",27.6,39,10.2,4.5,40.4,"101.221222105","94.784090605",34.1,47,,,,"27.3"
"Rortvedt, Ben",666163,2024,290,328,66,3,88,34,26.8,10.4,".228",".303",".317","0.620",".202",".287",".283",".267",".295","86.2","11.9",30.2,7,3.5,3,30.7,"96.9585767","92.49508965",26.7,43,,,,"25.6"
"Lewis, Royce",668904,2024,292,325,68,16,74,28,22.8,8.6,".233",".452",".295","0.747",".246",".435",".317",".320",".309","87.1","16.8",36.3,25,11.2,5.4,37.7,"99.690144144","93.856491441",27,51.9,,,,"26.6"
"Lopez, Otto",672640,2024,403,434,109,6,75,25,17.3,5.8,".270",".377",".313","0.690",".274",".394",".302",".313",".317","88","5.4",30.4,17,5.1,4.8,38.9,"99.482984485","93.902266182",21.9,51.4,,,,"28.7"
"Lowe, Josh",666139,2024,353,387,85,10,123,32,31.8,8.3,".241",".391",".302","0.693",".228",".388",".299",".295",".292","90.8","16.9",37.9,24,10.3,6.5,46.1,"100.893361034","94.928910905",31.9,51.6,"-1","-0.3","-0.1","28.4"
"Castro, Willi",650489,2024,558,635,138,12,150,51,23.6,8,".247",".385",".331","0.716",".244",".381",".317",".320",".331","87.4","13.6",39,29,7,8,36.8,"98.851706502","93.501303852",29,51.4,"-3","0.5","0.2","27.9"
"Ramos, Heliot",671218,2024,475,518,128,22,135,37,26.1,7.1,".269",".469",".322","0.791",".250",".481",".339",".338",".307","91.5","10.4",34.3,50,14.5,5.5,47.5,"102.620742924","95.895956716",28.7,50.3,"-5","0","-0.8","27.9"
"Gonzalez, Romy",663853,2024,199,216,53,6,58,12,26.9,5.6,".266",".417",".306","0.723",".255",".415",".311",".313",".300","92.3","3.7",29.7,12,8.3,9,51,"104.214637183","96.826247676",29.2,55.2,,,,"28.9"
"Jeffers, Ryan",680777,2024,412,465,93,21,94,32,20.2,6.9,".226",".432",".300","0.732",".226",".386",".317",".304",".302","86.9","16.2",31.7,27,8.3,5.8,33.8,"99.008221173","93.57098291",23.6,48.5,,,,"26.3"
"Vaughn, Andrew",683734,2024,570,619,140,19,132,38,21.3,6.1,".246",".402",".297","0.699",".244",".440",".304",".319",".297","90.3","16.6",33.6,41,9.3,8.4,43.3,"100.921632928","94.702971332",22,49.4,,,,"26.3"
"Rivera, Emmanuel",656896,2024,265,302,63,5,69,26,22.8,8.6,".238",".343",".312","0.655",".250",".383",".291",".318",".328","89.7","8.7",33.7,16,7.9,5.9,44.1,"99.97328099","94.404966716",28.3,48.6,,,,"26.7"
"Margot, Manuel",622534,2024,315,343,75,4,54,21,15.7,6.1,".238",".337",".289","0.626",".261",".379",".276",".308",".314","88.2","13.8",30.9,13,4.9,5.3,33.6,"98.859258923","93.482249961",20.6,49.5,"-4","1","-0.9","27.5"
"Wong, Connor",657136,2024,447,487,125,13,114,28,23.4,5.7,".280",".425",".333","0.758",".231",".355",".330",".288",".290","86.5","12.9",30.7,21,6.3,5.4,34.5,"98.745018171","93.452738532",28.8,51.6,,,,"28.4"
"Albies, Ozzie",645277,2024,399,435,100,10,65,27,14.9,6.2,".251",".404",".303","0.707",".246",".387",".307",".302",".301","88.4","18.4",33.4,21,6.2,4.7,32,"97.095539467","92.617553798",20.5,56.6,,,,"27.2"
"Swanson, Dansby",621020,2024,534,593,129,16,144,54,24.3,9.1,".242",".390",".312","0.702",".244",".416",".307",".321",".316","89.4","10.4",32.6,36,9.2,7.9,42.7,"100.210263655","94.404024529",28.7,48.7,,,,"27.8"
"Rooker Jr., Brent",667670,2024,546,614,160,39,177,59,28.8,9.6,".293",".562",".365","0.927",".266",".557",".392",".380",".341","91.9","18.9",38.3,62,16.6,8.6,49.6,"103.25238457","96.193453235",34.1,50.2,"-2","0.2","-1.1","27.6"
"France, Ty",664034,2024,479,535,112,13,114,38,21.3,7.1,".234",".365",".305","0.670",".228",".387",".296",".303",".301","88.7","12.9",30.5,27,7.3,6.2,40,"99.663679892","94.004650595",24.2,51.2,,,,"25.1"
"Freeman, Freddie",518692,2024,542,638,153,22,100,78,15.7,12.2,".282",".476",".378","0.854",".278",".466",".365",".367",".377","89.4","14.3",43.1,41,9.1,8.4,41.8,"100.349133067","94.527301044",20.2,49.4,,,,"25.8"
"Profar, Jurickson",595777,2024,564,668,158,24,101,76,15.1,11.4,".280",".459",".380","0.839",".282",".444",".365",".364",".383","91.1","13.4",31.3,34,7.2,4.9,44.4,"100.952441293","94.862553707",17,45.6,"-6","0.1","-1.5","26.5"
"Trevino, Jose",624431,2024,209,234,45,8,41,20,17.5,8.5,".215",".354",".288","0.642",".203",".312",".284",".267",".279","88.1","9.9",26.9,9,5.3,3.5,35.1,"97.968179176","93.099578353",18.7,40.5,,,,"24.5"
"Smith, Will",669257,2024,476,544,118,20,105,51,19.3,9.4,".248",".433",".327","0.760",".240",".443",".326",".331",".323","89.4","18.7",38.3,41,10.8,8.4,42,"99.318269153","93.929159392",20.9,46.2,,,,"27.4"
"Fermin, Freddy",666023,2024,339,368,92,6,66,23,17.9,6.3,".271",".366",".319","0.685",".244",".334",".300",".279",".294","88.2","11.1",29.2,9,3.2,4,33.9,"97.931397537","93.085600262",23,51,,,,"26.6"
"Slater, Austin",596103,2024,177,212,37,2,60,26,28.3,12.3,".209",".266",".321","0.587",".232",".319",".273",".303",".341","88.2","7.2",37.2,4,3.3,6.6,37.2,"98.373260169","93.491320256",29.8,43,"0","-1.1","0.3","28.2"
"Rojas, Josh",668942,2024,422,476,95,8,108,46,22.7,9.7,".225",".336",".304","0.640",".223",".350",".286",".293",".304","88.2","15.5",35.6,18,5.7,7.9,38.2,"97.946263631","93.225198599",24.4,45.6,,,,"27.0"
"Altuve, Jose",514888,2024,628,682,185,20,119,47,17.4,6.9,".295",".439",".350","0.789",".262",".399",".344",".316",".321","86.5","14.1",35.4,33,6.5,3.9,31.2,"97.323672581","92.693762581",22.1,51.5,,,,"27.1"
"Verdugo, Alex",657077,2024,559,621,130,13,93,49,15,7.9,".233",".356",".291","0.647",".250",".373",".283",".302",".309","88.3","9.9",31.6,27,5.6,6.1,34.9,"98.009613263","93.0881338",15.5,44.7,"2","0.8","0.1","26.7"
"Rengifo, Luis",650859,2024,283,304,85,6,44,16,14.5,5.3,".300",".417",".347","0.764",".262",".352",".335",".295",".311","87","6.7",30.4,6,2.5,5,32.5,"96.9891535","92.548929456",22.3,56.3,,,,"26.9"
"Jansen, Danny",643376,2024,278,324,57,9,61,40,18.8,12.3,".205",".349",".309","0.658",".201",".332",".294",".289",".306","86.6","21.7",34.1,14,6.4,5.9,29.7,"97.185697545","92.627349132",20.9,40.6,,,,"26.6"
"Singleton, Jon",572138,2024,355,405,83,13,111,47,27.4,11.6,".234",".386",".321","0.707",".228",".382",".312",".310",".317","88.7","12.8",34.8,22,8.9,4.5,37.2,"99.784248293","93.99841",30.1,40.7,,,,"25.9"
"Guerrero Jr., Vladimir",665489,2024,616,697,199,30,96,72,13.8,10.3,".323",".544",".396","0.940",".321",".567",".398",".408",".395","93.8","7.4",35.1,72,13.7,6.3,54.9,"105.663720766","97.649346073",21.5,48,,,,"27.2"
"Fairchild, Stuart",656413,2024,209,233,45,8,60,17,25.8,7.3,".215",".368",".286","0.654",".215",".376",".288",".293",".287","85.5","20.5",27.6,12,7.9,5.9,36.8,"98.640738472","93.363702378",35.5,50.2,"4","0.6","0.7","29.1"
"Schwarber, Kyle",656941,2024,573,692,142,38,197,106,28.5,15.3,".248",".485",".366","0.851",".256",".512",".366",".380",".374","93.6","15",31.8,60,15.6,7.3,55.5,"105.154527813","97.529843438",32,39.9,,,,"25.8"
"Jiménez, Eloy",650391,2024,324,349,77,6,70,22,20.1,6.3,".238",".336",".289","0.625",".248",".382",".276",".300",".299","92","4.3",25.1,20,7.8,3.9,49,"103.179997795","96.165143031",26.2,50.3,,,,"25.2"
"De La Cruz, Elly",682829,2024,618,696,160,25,218,69,31.3,9.9,".259",".471",".339","0.810",".240",".428",".349",".328",".322","91.8","9.7",35.7,51,12.7,6.2,45.7,"102.95535404","95.90272362",33.4,43.4,,,,"30.0"
"Giménez, Andrés",665926,2024,583,633,147,9,97,26,15.3,4.1,".252",".340",".298","0.638",".262",".355",".281",".296",".310","86.3","8.7",32.7,14,2.8,4.4,28.5,"96.492499139","92.262342361",22.8,56.4,,,,"28.9"
"Schneider, Davis",676914,2024,397,454,76,13,144,47,31.7,10.4,".191",".343",".282","0.625",".198",".358",".277",".292",".292","88.6","21.4",38,31,12,6.6,38,"98.986742636","93.569243488",30.6,42.5,"1","0.4","0.1","27.2"
"Abreu, Wilyer",677800,2024,399,447,101,15,125,40,28,8.9,".253",".459",".322","0.781",".229",".418",".336",".317",".304","91.6","19.2",33.7,31,11.1,7.5,50.5,"101.945020507","95.552365543",29.6,48.1,"6","0.7","0.3","27.5"
"Arraez, Luis",650333,2024,637,672,200,4,29,24,4.3,3.6,".314",".392",".346","0.738",".310",".400",".323",".325",".343","86.3","13.7",40.9,10,1.6,3.8,23.7,"94.838000362","91.449624457",6.9,49.8,,,,"26.7"
"McMahon, Ryan",641857,2024,567,645,137,20,185,69,28.7,10.7,".242",".397",".325","0.722",".243",".414",".315",".325",".329","92.1","10",36.5,42,10.9,7,49.7,"102.62988712","96.057260524",30,46.9,,,,"25.9"
"Volpe, Anthony",683011,2024,637,689,155,12,156,42,22.6,6.1,".243",".364",".293","0.657",".238",".332",".287",".278",".291","87.7","8.4",33.3,19,3.9,5.6,35.4,"98.177841555","93.206482989",22.6,48.1,,,,"28.6"
"Yepez, Juan",660766,2024,226,249,64,6,42,18,16.9,7.2,".283",".429",".335","0.764",".252",".351",".331",".295",".310","86.6","8.5",30.3,11,5.9,5.3,35.6,"98.208738602","93.111621613",22.1,50.1,,,,"26.7"
"Goldschmidt, Paul",502671,2024,599,654,147,22,173,47,26.5,7.2,".245",".414",".302","0.716",".255",".450",".310",".329",".311","91.2","13.1",34.3,46,10.7,8.9,49.6,"101.892583709","95.666428146",27.4,47.7,,,,"26.3"
"O'Hoppe, Logan",681351,2024,479,522,117,20,155,33,29.7,6.3,".244",".409",".303","0.712",".251",".454",".311",".331",".310","90.4","15.3",42.9,39,12,7.1,46.3,"101.233350982","95.0870388",33.6,52,,,,"28.1"
"Heim, Jonah",641680,2024,459,491,101,13,90,26,18.3,5.3,".220",".336",".267","0.603",".228",".356",".265",".277",".275","88.5","14.5",29.9,22,5.9,5.9,36.4,"98.507122973","93.44020477",20.7,54.3,,,,"25.3"
"Kirk, Alejandro",672386,2024,340,386,86,5,51,35,13.2,9.1,".253",".359",".319","0.678",".257",".392",".297",".324",".332","89.4","10.8",34.6,20,6.7,7,40.9,"99.802023893","94.269440505",15.7,46.6,,,,"24.7"
"Brennan, Will",686823,2024,330,353,87,8,48,19,13.6,5.4,".264",".388",".309","0.697",".269",".374",".303",".302",".314","86","13.3",31.1,13,4.6,4.2,32.5,"97.132881418","92.582691388",18.1,54.8,"-3","-0.3","0.4","28.2"
"Stephenson, Tyler",663886,2024,457,515,118,19,117,48,22.7,9.3,".258",".444",".338","0.782",".241",".403",".339",".322",".325","90.2","10.9",33,31,9.1,6.1,43.9,"100.320154503","94.587176774",22.7,43.2,,,,"26.5"
"Rosario, Eddie",592696,2024,297,319,52,10,77,16,24.1,5,".175",".316",".215","0.531",".211",".340",".230",".257",".249","91","14.3",27.9,12,5.3,10.6,42.5,"99.203116161","94.098201031",27.5,52.9,"-6","0.5","-0.1","27.3"
"Caratini, Victor",605170,2024,245,274,66,8,53,23,19.3,8.4,".269",".408",".336","0.744",".262",".395",".324",".322",".332","91.2","9.3",35.9,11,5.6,6.2,43.1,"100.532909694","94.888518923",23.3,47.2,,,,"24.4"
"Rocchio, Brayan",677587,2024,383,442,79,8,90,44,20.4,10,".206",".316",".298","0.614",".210",".302",".276",".275",".302","84.6","9.4",36,12,4,4,22.3,"95.744136806","91.872068403",24.3,47.9,,,,"26.8"
"Ahmed, Nick",605113,2024,210,228,48,2,51,11,22.4,4.8,".229",".295",".267","0.562",".226",".320",".248",".259",".266","84.9","13.4",29.7,5,3,6.1,23,"95.399118608","91.729839045",26,54.8,,,,"27.7"
"Sánchez, Gary",596142,2024,245,280,54,11,76,27,27.1,9.6,".220",".392",".307","0.699",".219",".399",".307",".309",".306","90","16.2",31.4,18,10.5,7.6,44.2,"101.892350698","95.129594012",30.4,40.7,,,,"24.8"
"Wallner, Matt",670242,2024,220,261,57,13,95,24,36.4,9.2,".259",".523",".372","0.895",".234",".468",".385",".358",".351","92.8","21.6",38.1,22,17.5,10.3,53.2,"104.61196127","96.920236746",38.4,47.8,"-3","-1.7","-2.6","27.5"
"Grichuk, Randal",545341,2024,254,279,74,12,46,20,16.5,7.2,".291",".528",".348","0.876",".278",".483",".373",".359",".338","90.6","17.3",34.3,23,11,7.6,47.6,"102.436633714","95.601048095",20.4,47.3,"-2","-0.1","0","27.5"
"Lee, Korey",686676,2024,377,394,79,12,122,17,31,4.3,".210",".347",".244","0.591",".212",".338",".257",".256",".246","88.3","9.6",34.1,19,7.5,4.7,37.6,"99.5141412","93.7992936",37.1,58.9,,,,"27.6"
"Vierling, Matt",663837,2024,518,567,133,16,121,41,21.3,7.2,".257",".423",".312","0.735",".256",".393",".317",".309",".313","89.8","11.7",34.1,30,7.5,5.5,40.9,"100.235830606","94.344722247",19.5,42.8,"2","-0.7","0.4","28.8"
"Correa, Carlos",621043,2024,319,367,99,14,61,40,16.6,10.9,".310",".517",".388","0.905",".274",".451",".385",".355",".359","90.3","8.9",34.4,24,9.2,7.6,44.7,"102.536128244","95.462669198",20.4,44.6,,,,"26.8"
"Peralta, David",444482,2024,236,260,63,8,54,22,20.8,8.5,".267",".415",".335","0.750",".259",".376",".329",".313",".327","88.1","8.9",36.8,10,5.5,4.9,42.3,"99.478011319","93.91992022",28.1,50.9,"-4","0.3","-2","26.9"
"Lopez, Nicky",670032,2024,398,445,96,1,67,37,15.1,8.3,".241",".294",".312","0.606",".227",".288",".275",".268",".299","85","5.6",30,5,1.5,1.5,16.9,"94.065401402","91.042138226",19.4,48.5,,,,"27.1"
"Riley, Austin",663586,2024,425,469,109,19,118,37,25.2,7.9,".256",".461",".322","0.783",".267",".505",".338",".361",".334","93.3","15.9",37.2,46,14.9,8.4,53.4,"103.77151961","96.882758664",27.5,50.1,,,,"27.9"
"Miranda, Jose",669304,2024,401,429,114,9,66,18,15.4,4.2,".284",".441",".322","0.763",".259",".399",".328",".306",".300","88.9","15.5",33.9,20,5.9,7.7,38.9,"99.359747765","93.786600855",22.5,52.3,,,,"25.9"
"Díaz, Yandy",650490,2024,563,621,158,14,95,50,15.3,8.1,".281",".414",".341","0.755",".277",".423",".331",".336",".340","92.2","5",28.4,36,7.6,5.3,48.7,"103.441830979","96.263007825",14.2,43.9,,,,"25.4"
"Kelly, Carson",608348,2024,281,313,67,9,55,25,17.6,8,".238",".374",".313","0.687",".235",".401",".304",".314",".311","87.6","13.6",27.3,15,6.6,7.9,39.4,"98.979228142","93.591084867",22.8,45.5,,,,"25.6"
"Abrams, CJ",682928,2024,541,602,133,20,128,40,21.3,6.6,".246",".433",".314","0.747",".247",".409",".322",".319",".318","88.2","15.1",33,29,6.9,9.6,40.7,"99.496479615","93.910198048",24.7,53.3,,,,"28.5"
"Holliday, Jackson",702616,2024,190,208,36,5,69,15,33.2,7.2,".189",".311",".255","0.566",".191",".326",".251",".258",".256","89.3","8.6",27,10,8.2,9.8,45.1,"100.212039508","94.576202541",34.1,46.1,,,,"29.4"
"Butler, Lawrence",671732,2024,412,451,108,22,108,35,23.9,7.8,".262",".490",".317","0.807",".258",".468",".345",".339",".317","91.1","11.3",35.1,34,11,5.8,47.4,"101.824301046","95.302256275",26.9,47.7,"0","0","0.4","27.6"
"Jankowski, Travis",608671,2024,190,207,38,1,44,12,21.3,5.8,".200",".242",".266","0.508",".207",".252",".234",".241",".272","85.4","5.9",25.3,1,0.7,2.7,24.7,"95.346098056","91.700885874",20.7,44.8,"5","0","1.4","28.5"
"Rojas, Johan",679032,2024,338,363,82,3,69,13,19,3.6,".243",".322",".279","0.601",".225",".292",".265",".250",".262","85.7","4.8",22,7,2.5,3.6,27.4,"97.163679462","92.590351731",22.7,48.8,"8","1","2.1","30.1"
"Barger, Addison",680718,2024,208,225,41,7,60,14,26.7,6.2,".197",".351",".250","0.601",".228",".387",".262",".291",".279","88.3","12.1",32.9,13,8.7,5.4,38.3,"100.557905","94.503054898",27.6,46.3,"-1","1","0","28.0"
"Castellanos, Nick",592206,2024,606,659,154,23,139,41,21.1,6.2,".254",".431",".311","0.742",".271",".441",".321",".333",".327","88.4","15.2",39,38,8.1,6.8,38.2,"99.266703034","93.738511581",30.1,58,"-8","-0.5","-1.9","27.4"
"Stowers, Kyle",669065,2024,192,209,40,3,74,13,35.4,6.2,".208",".333",".268","0.601",".223",".368",".265",".290",".284","91","12.3",36.1,13,10.9,8.4,51.3,"102.156753559","95.709246525",36.1,54.5,"-4","-1.6","-1.1","28.2"
"Ibáñez, Andy",628451,2024,224,244,54,5,63,15,25.8,6.1,".241",".357",".295","0.652",".214",".324",".287",".268",".274","88.1","20.3",33.7,8,4.9,5.5,33.1,"97.908149512","93.096095644",30.8,52.8,,,,"27.6"
"Espinal, Santiago",669289,2024,357,391,88,9,54,24,13.8,6.1,".246",".356",".295","0.651",".258",".344",".285",".288",".307","85.9","15",35,6,1.9,4.2,24.1,"94.957566883","91.492088339",14.8,49,,,,"27.3"
"Burger, Jake",669394,2024,535,579,134,29,150,31,25.9,5.4,".250",".460",".301","0.761",".256",".476",".325",".338",".307","91.3","13",32.4,48,12.3,7.7,46.8,"103.619986856","96.171144407",30.1,52.4,,,,"27.9"
"Young, Jacob",696285,2024,468,521,120,3,102,30,19.6,5.8,".256",".331",".316","0.647",".253",".317",".290",".286",".314","85.8","4",28.1,6,1.6,2.9,28.9,"96.872142235","92.486924676",19.3,44.9,"19","4.6","1.8","29.7"
"d'Arnaud, Travis",518595,2024,307,341,73,15,89,24,26.1,7,".238",".436",".302","0.738",".236",".434",".319",".322",".305","89.9","11.6",32.9,23,10.4,7.2,41,"100.537202273","94.672343091",32.8,50.7,,,,"25.7"
"Bichette, Bo",666182,2024,311,336,70,4,64,20,19,6,".225",".322",".277","0.599",".255",".375",".264",".303",".307","89.2","7.2",31.3,11,4.4,7.2,43.5,"100.896776504","94.778862816",22,56.4,,,,"27.3"
"Acuña Jr., Ronald",660670,2024,192,222,48,4,53,27,23.9,12.2,".250",".365",".351","0.716",".261",".427",".322",".350",".361","92.2","8.5",31.7,13,9.4,6.5,48.2,"103.064738696","96.113602174",27.5,47,"-2","-0.8","-0.3","27.7"
"Frelick, Sal",686217,2024,475,524,123,2,78,39,14.9,7.4,".259",".335",".320","0.655",".246",".304",".292",".278",".308","83.4","9.7",30,3,0.8,3.5,19.5,"94.439757846","91.272403907",12.9,41.5,"7","0.6","0.5","29.3"
"Rutschman, Adley",668939,2024,571,638,143,19,103,58,16.1,9.1,".250",".391",".318","0.709",".255",".393",".309",".315",".325","88.2","18.8",35.4,29,6.1,4.8,36.6,"98.081119454","93.149039684",17.1,44.5,,,,"26.6"
"Chisholm Jr., Jazz",665862,2024,562,621,144,24,152,53,24.5,8.5,".256",".436",".324","0.760",".240",".415",".327",".316",".310","89.7","11.4",29.6,40,9.7,5.8,41.1,"100.122466782","94.459141861",29.3,47.5,"1","0.5","0.3","28.6"
"Alvarez, Yordan",670541,2024,552,635,170,35,95,69,15,10.9,".308",".567",".392","0.959",".303",".595",".402",".411",".389","93.1","18.3",35.4,67,14.5,7.6,49.7,"104.097105087","96.703519522",19.9,47.8,"-7","-1.2","-3.3","26.1"
"Gallo, Joey",608336,2024,223,260,36,10,102,32,39.2,12.3,".161",".336",".277","0.613",".173",".348",".276",".285",".287","90.5","26.1",32.8,16,13.1,8.2,43.4,"100.325545574","94.605556281",39.6,45.3,"0",,,"26.5"
"Walls, Taylor",670764,2024,218,252,40,1,67,31,26.6,12.3,".183",".248",".282","0.530",".184",".259",".245",".252",".284","86.1","18.2",29.9,5,3.2,5.2,24,"95.086734605","91.544710263",25,45.1,,,,"27.8"